Date,SVENY01,SVENY02,SVENY03,SVENY04,SVENY05,SVENY06,SVENY07,SVENY08,SVENY09,SVENY10,SVENY11,SVENY12,SVENY13,SVENY14,SVENY15,SVENY16,SVENY17,SVENY18,SVENY19,SVENY20,SVENY21,SVENY22,SVENY23,SVENY24,SVENY25,SVENY26,SVENY27,SVENY28,SVENY29,SVENY30
2025-01-01,NA,NA,NA,NA,NA,NA,NA,NA,NA,NA,NA,NA,NA,NA,NA,NA,NA,NA,NA,NA,NA,NA,NA,NA,NA,NA,NA,NA,NA,NA
2025-01-02,4.1919,4.2189,4.2541,4.2952,4.3406,4.3886,4.4381,4.4878,4.5369,4.5845,4.6301,4.6732,4.7133,4.7501,4.7834,4.813,4.8389,4.8609,4.8791,4.8934,4.904,4.9109,4.9141,4.9139,4.9104,4.9036,4.8938,4.881,4.8655,4.8474
2025-01-03,4.2098,4.2462,4.2877,4.3329,4.3805,4.4292,4.4783,4.5268,4.5741,4.6197,4.6631,4.7038,4.7417,4.7765,4.808,4.836,4.8606,4.8817,4.8992,4.9133,4.9239,4.9312,4.9352,4.936,4.9337,4.9284,4.9204,4.9096,4.8963,4.8805
2025-01-06,4.2075,4.2453,4.289,4.3368,4.3874,4.4393,4.4915,4.5431,4.5934,4.6416,4.6874,4.7303,4.7699,4.8061,4.8386,4.8674,4.8923,4.9134,4.9307,4.9441,4.9539,4.96,4.9625,4.9617,4.9576,4.9504,4.9402,4.9271,4.9114,4.8931
2025-01-07,4.22,4.2657,4.3167,4.3712,4.4277,4.4849,4.5419,4.5977,4.6515,4.7029,4.7512,4.7961,4.8374,4.8748,4.9082,4.9374,4.9625,4.9835,5.0004,5.0132,5.0221,5.0271,5.0285,5.0263,5.0208,5.0119,5,4.9852,4.9677,4.9476
2025-01-08,4.2129,4.2549,4.3038,4.3575,4.4144,4.4728,4.5314,4.5893,4.6454,4.6991,4.7499,4.7971,4.8406,4.88,4.9152,4.946,4.9724,4.9944,5.012,5.0254,5.0346,5.0397,5.0408,5.0382,5.0321,5.0224,5.0096,4.9937,4.9748,4.9533
2025-01-09,4.1942,4.2487,4.3067,4.3668,4.4278,4.4886,4.5483,4.6063,4.6619,4.7145,4.764,4.8098,4.8519,4.89,4.924,4.954,4.9798,5.0015,5.0191,5.0328,5.0426,5.0487,5.0511,5.05,5.0456,5.038,5.0274,5.0139,4.9977,4.979
2025-01-10,4.2781,4.3555,4.4283,4.4966,4.5603,4.6197,4.6748,4.7256,4.7724,4.8152,4.8541,4.8892,4.9207,4.9487,4.9733,4.9946,5.0127,5.0278,5.0399,5.0493,5.056,5.0601,5.0617,5.061,5.0581,5.053,5.0459,5.0369,5.0261,5.0135
2025-01-13,4.2935,4.3704,4.4431,4.5114,4.5754,4.6352,4.6906,4.7418,4.7889,4.8319,4.8709,4.906,4.9373,4.965,4.989,5.0096,5.0268,5.0408,5.0517,5.0597,5.0648,5.0671,5.0669,5.0641,5.059,5.0516,5.042,5.0305,5.017,5.0017
2025-01-14,4.271,4.3464,4.419,4.4885,4.5546,4.6169,4.6755,4.7302,4.7808,4.8274,4.8699,4.9084,4.9428,4.9732,4.9997,5.0224,5.0413,5.0567,5.0685,5.077,5.0822,5.0843,5.0834,5.0796,5.0732,5.0641,5.0526,5.0387,5.0227,5.0046
2025-01-15,4.211,4.2552,4.305,4.3585,4.4141,4.4706,4.5267,4.5817,4.6347,4.6851,4.7325,4.7763,4.8164,4.8526,4.8846,4.9124,4.936,4.9554,4.9706,4.9817,4.9888,4.9921,4.9916,4.9876,4.9802,4.9695,4.9558,4.9392,4.9198,4.8979
2025-01-16,4.2089,4.219,4.2533,4.302,4.3587,4.4188,4.4792,4.538,4.5938,4.6458,4.6936,4.7369,4.7757,4.81,4.84,4.8658,4.8877,4.9059,4.9205,4.932,4.9404,4.9461,4.9492,4.9499,4.9485,4.9452,4.94,4.9333,4.925,4.9155
2025-01-17,4.2264,4.2551,4.2924,4.3358,4.3836,4.434,4.4857,4.5374,4.5883,4.6374,4.6842,4.728,4.7686,4.8056,4.8387,4.8679,4.8929,4.9139,4.9307,4.9435,4.9523,4.9572,4.9583,4.9558,4.9498,4.9405,4.9281,4.9126,4.8944,4.8735
2025-01-20,NA,NA,NA,NA,NA,NA,NA,NA,NA,NA,NA,NA,NA,NA,NA,NA,NA,NA,NA,NA,NA,NA,NA,NA,NA,NA,NA,NA,NA,NA
2025-01-21,4.2316,4.2537,4.2844,4.3215,4.3632,4.4079,4.4543,4.5013,4.5479,4.5934,4.637,4.6783,4.7168,4.7522,4.7842,4.8127,4.8376,4.8588,4.8762,4.8899,4.8999,4.9063,4.9092,4.9087,4.9048,4.8979,4.8879,4.875,4.8594,4.8413
2025-01-22,4.2435,4.2701,4.3043,4.344,4.3876,4.4335,4.4807,4.5281,4.5747,4.62,4.6632,4.7039,4.7417,4.7763,4.8075,4.8352,4.8592,4.8795,4.8961,4.909,4.9182,4.9238,4.926,4.9248,4.9204,4.9129,4.9024,4.8891,4.8731,4.8546
2025-01-23,4.2227,4.2649,4.3115,4.3611,4.4125,4.4645,4.5164,4.5672,4.6165,4.6636,4.7081,4.7498,4.7883,4.8234,4.855,4.883,4.9074,4.9281,4.9451,4.9585,4.9684,4.9748,4.9779,4.9778,4.9745,4.9682,4.959,4.9471,4.9327,4.9158
2025-01-24,4.2165,4.2534,4.2964,4.3437,4.3937,4.4452,4.4971,4.5484,4.5983,4.6462,4.6917,4.7342,4.7734,4.8092,4.8413,4.8695,4.894,4.9145,4.9312,4.9441,4.9533,4.9587,4.9607,4.9592,4.9544,4.9465,4.9356,4.9219,4.9055,4.8866
2025-01-27,4.1898,4.1633,4.2003,4.2518,4.3062,4.3598,4.4113,4.4599,4.5055,4.548,4.5875,4.6241,4.6578,4.6888,4.7172,4.7432,4.7668,4.7883,4.8077,4.8252,4.8409,4.8548,4.8672,4.878,4.8875,4.8956,4.9025,4.9082,4.9128,4.9165
2025-01-28,4.1806,4.1693,4.2036,4.2545,4.3107,4.3672,4.4219,4.4737,4.5223,4.5674,4.6091,4.6474,4.6825,4.7145,4.7436,4.7699,4.7935,4.8147,4.8336,4.8503,4.865,4.8778,4.8888,4.8981,4.906,4.9123,4.9174,4.9212,4.9239,4.9255
2025-01-29,4.213,4.1974,4.228,4.2754,4.3282,4.3817,4.4335,4.4829,4.5294,4.5727,4.6129,4.65,4.6842,4.7155,4.7441,4.7701,4.7936,4.8149,4.8339,4.851,4.8661,4.8794,4.8911,4.9011,4.9097,4.917,4.9229,4.9276,4.9313,4.9339
2025-01-30,4.1875,4.1654,4.1899,4.234,4.2856,4.3392,4.392,4.4426,4.4904,4.5351,4.5766,4.6149,4.6501,4.6823,4.7116,4.7382,4.7623,4.7838,4.8031,4.8202,4.8353,4.8485,4.8599,4.8696,4.8778,4.8846,4.89,4.8942,4.8971,4.8991
2025-01-31,4.2066,4.1969,4.2342,4.2866,4.343,4.3992,4.4533,4.5046,4.5527,4.5976,4.6392,4.6777,4.7131,4.7456,4.7754,4.8025,4.8271,4.8494,4.8695,4.8875,4.9036,4.9178,4.9303,4.9412,4.9506,4.9586,4.9653,4.9708,4.9751,4.9783
2025-02-03,4.2265,4.2351,4.2553,4.2844,4.3202,4.3607,4.4043,4.4497,4.4956,4.5411,4.5853,4.6276,4.6674,4.7043,4.738,4.7683,4.7949,4.8177,4.8368,4.852,4.8635,4.8712,4.8753,4.8758,4.8729,4.8668,4.8574,4.8451,4.8299,4.8121
2025-02-04,4.2087,4.181,4.2031,4.2448,4.2938,4.3445,4.3944,4.4424,4.4878,4.5303,4.5699,4.6066,4.6405,4.6716,4.7,4.726,4.7495,4.7708,4.79,4.8072,4.8225,4.836,4.8479,4.8582,4.867,4.8745,4.8807,4.8857,4.8896,4.8924
2025-02-05,4.1932,4.1483,4.152,4.1792,4.2175,4.2604,4.3045,4.348,4.3898,4.4295,4.4668,4.5015,4.5337,4.5633,4.5905,4.6152,4.6377,4.6581,4.6764,4.6928,4.7073,4.7201,4.7313,4.741,4.7492,4.7561,4.7618,4.7663,4.7697,4.7721
2025-02-06,4.2081,4.175,4.1847,4.2134,4.2504,4.2904,4.3309,4.3705,4.4086,4.4448,4.4789,4.5109,4.5408,4.5685,4.5942,4.618,4.6398,4.6598,4.6781,4.6948,4.7099,4.7235,4.7357,4.7467,4.7564,4.7649,4.7723,4.7787,4.7841,4.7886
2025-02-07,4.2574,4.2555,4.2646,4.2825,4.3072,4.337,4.3705,4.4064,4.4437,4.4814,4.5188,4.5551,4.59,4.6229,4.6535,4.6815,4.7066,4.7289,4.748,4.764,4.7769,4.7866,4.7932,4.7967,4.7971,4.7947,4.7895,4.7815,4.7709,4.7578
2025-02-10,4.251,4.25,4.2603,4.2795,4.3057,4.3372,4.3724,4.4101,4.4491,4.4884,4.5274,4.5654,4.6017,4.636,4.6678,4.697,4.7232,4.7464,4.7664,4.7832,4.7968,4.807,4.8141,4.8179,4.8187,4.8165,4.8114,4.8035,4.793,4.7799
2025-02-11,4.2595,4.263,4.2776,4.301,4.331,4.366,4.4043,4.4447,4.4861,4.5275,4.5682,4.6074,4.6446,4.6795,4.7117,4.7409,4.7669,4.7896,4.8089,4.8247,4.8371,4.8461,4.8517,4.8541,4.8532,4.8492,4.8422,4.8324,4.8199,4.8048
2025-02-12,4.3055,4.3325,4.3647,4.4005,4.4389,4.479,4.5198,4.5607,4.601,4.6402,4.6778,4.7136,4.7471,4.7781,4.8066,4.8322,4.855,4.8748,4.8917,4.9056,4.9165,4.9245,4.9296,4.9318,4.9314,4.9282,4.9225,4.9144,4.9039,4.8911
2025-02-13,4.2778,4.2828,4.2974,4.3196,4.3475,4.3796,4.4148,4.4517,4.4895,4.5273,4.5645,4.6005,4.6348,4.6669,4.6967,4.7238,4.7481,4.7694,4.7876,4.8028,4.8148,4.8237,4.8295,4.8323,4.8322,4.8292,4.8235,4.8151,4.8041,4.7907
2025-02-14,4.2389,4.2362,4.2455,4.2644,4.2908,4.3227,4.3585,4.3969,4.4368,4.477,4.5168,4.5554,4.5924,4.6272,4.6594,4.6888,4.7152,4.7384,4.7582,4.7747,4.7878,4.7975,4.8039,4.807,4.8069,4.8038,4.7977,4.7887,4.777,4.7628
2025-02-17,NA,NA,NA,NA,NA,NA,NA,NA,NA,NA,NA,NA,NA,NA,NA,NA,NA,NA,NA,NA,NA,NA,NA,NA,NA,NA,NA,NA,NA,NA
2025-02-18,4.2622,4.2758,4.2977,4.3261,4.3593,4.396,4.435,4.4753,4.5159,4.5563,4.5956,4.6334,4.6693,4.703,4.734,4.7623,4.7877,4.81,4.8292,4.8453,4.8582,4.8679,4.8746,4.8782,4.8788,4.8766,4.8716,4.8639,4.8537,4.841
2025-02-19,4.2453,4.2504,4.2672,4.2931,4.326,4.3639,4.4052,4.4484,4.4925,4.5365,4.5795,4.6208,4.6598,4.6963,4.7297,4.7599,4.7866,4.8098,4.8293,4.8451,4.8573,4.8658,4.8708,4.8723,4.8705,4.8655,4.8573,4.8462,4.8322,4.8157
2025-02-20,4.2366,4.2367,4.2495,4.2722,4.3026,4.3386,4.3785,4.4208,4.4644,4.5081,4.5512,4.5928,4.6323,4.6694,4.7036,4.7347,4.7624,4.7866,4.8072,4.8241,4.8374,4.847,4.8531,4.8557,4.855,4.851,4.8439,4.8337,4.8208,4.8051
2025-02-21,4.1901,4.1506,4.1593,4.1893,4.2287,4.2717,4.3153,4.3582,4.3995,4.4389,4.4761,4.5111,4.5439,4.5744,4.6027,4.6289,4.6532,4.6754,4.6959,4.7146,4.7316,4.747,4.7609,4.7735,4.7846,4.7945,4.8032,4.8108,4.8173,4.8228
2025-02-24,4.1782,4.1291,4.134,4.1632,4.2033,4.2477,4.2931,4.3379,4.3811,4.4223,4.4612,4.4977,4.5318,4.5635,4.5929,4.62,4.645,4.6679,4.6888,4.7079,4.7252,4.7407,4.7547,4.7672,4.7782,4.7879,4.7964,4.8036,4.8097,4.8148
2025-02-25,4.1392,4.0646,4.049,4.065,4.0979,4.139,4.1838,4.2294,4.2742,4.3174,4.3583,4.3968,4.4326,4.4658,4.4962,4.5241,4.5495,4.5725,4.5932,4.6117,4.6282,4.6427,4.6553,4.6663,4.6756,4.6833,4.6897,4.6946,4.6984,4.701
2025-02-26,4.1381,4.0339,4.006,4.0172,4.0482,4.0888,4.1335,4.1793,4.2244,4.2678,4.3091,4.3478,4.3839,4.4174,4.4481,4.4763,4.502,4.5252,4.5462,4.5649,4.5816,4.5963,4.6092,4.6203,4.6298,4.6377,4.6442,4.6494,4.6533,4.656
2025-02-27,4.1395,4.0392,4.0188,4.0368,4.0731,4.1179,4.1658,4.2141,4.2613,4.3065,4.3494,4.3896,4.427,4.4617,4.4937,4.5231,4.5499,4.5742,4.5963,4.6161,4.6339,4.6497,4.6636,4.6757,4.6862,4.6952,4.7027,4.7088,4.7136,4.7173
2025-02-28,4.0849,3.9687,3.9508,3.9742,4.0152,4.0635,4.114,4.1643,4.213,4.2594,4.3032,4.3443,4.3826,4.4181,4.4508,4.4809,4.5085,4.5336,4.5564,4.577,4.5955,4.612,4.6267,4.6396,4.6509,4.6606,4.6688,4.6757,4.6813,4.6857
2025-03-03,4.0622,3.927,3.8985,3.9153,3.952,3.9973,4.0457,4.0945,4.1422,4.188,4.2316,4.2727,4.3112,4.347,4.3804,4.4112,4.4396,4.4656,4.4894,4.5111,4.5308,4.5485,4.5644,4.5786,4.5911,4.6021,4.6117,4.6199,4.6268,4.6325
2025-03-04,4.0514,3.9291,3.9151,3.9435,3.9892,4.0415,4.0956,4.1492,4.201,4.2505,4.2972,4.3411,4.3821,4.4202,4.4556,4.4882,4.5182,4.5457,4.5708,4.5936,4.6143,4.6329,4.6496,4.6645,4.6777,4.6892,4.6992,4.7078,4.715,4.721
2025-03-05,4.0701,3.9752,3.9744,4.0087,4.0565,4.1089,4.1621,4.2143,4.2643,4.3118,4.3566,4.3986,4.4377,4.474,4.5076,4.5386,4.5671,4.5932,4.617,4.6387,4.6583,4.676,4.6919,4.706,4.7185,4.7294,4.7389,4.7471,4.7539,4.7596
2025-03-06,4.0379,3.9465,3.9522,3.9934,4.0479,4.1066,4.1653,4.2222,4.2764,4.3275,4.3752,4.4195,4.4604,4.4981,4.5326,4.5642,4.5929,4.6188,4.6422,4.6632,4.6819,4.6985,4.713,4.7257,4.7365,4.7458,4.7534,4.7596,4.7645,4.7681
2025-03-07,4.0636,3.9708,3.9764,4.0179,4.0726,4.1315,4.1905,4.2478,4.3023,4.3537,4.4017,4.4464,4.4877,4.5257,4.5606,4.5925,4.6215,4.6478,4.6716,4.6929,4.7119,4.7288,4.7437,4.7566,4.7678,4.7773,4.7852,4.7917,4.7968,4.8007
2025-03-10,4.0008,3.876,3.8726,3.9115,3.9661,4.0258,4.0862,4.1452,4.2017,4.2552,4.3055,4.3524,4.396,4.4363,4.4735,4.5077,4.5389,4.5674,4.5933,4.6168,4.6378,4.6567,4.6735,4.6883,4.7012,4.7124,4.722,4.7301,4.7367,4.742
2025-03-11,4.0288,3.9135,3.9125,3.9542,4.012,4.0752,4.1389,4.2006,4.2595,4.3148,4.3663,4.4141,4.4581,4.4984,4.5352,4.5687,4.5989,4.6261,4.6505,4.6722,4.6913,4.7081,4.7226,4.7351,4.7456,4.7543,4.7613,4.7667,4.7707,4.7733
2025-03-12,4.0717,3.97,3.9679,4.0064,4.0614,4.1222,4.184,4.2443,4.3018,4.3561,4.4067,4.4536,4.4969,4.5365,4.5727,4.6057,4.6354,4.6622,4.6862,4.7075,4.7263,4.7427,4.757,4.7692,4.7795,4.788,4.7948,4.8,4.8038,4.8063
2025-03-13,4.0377,3.9196,3.9133,3.9512,4.0065,4.0682,4.1309,4.1922,4.2509,4.3062,4.358,4.4061,4.4504,4.4913,4.5286,4.5626,4.5934,4.6213,4.6463,4.6686,4.6883,4.7057,4.7209,4.7339,4.7451,4.7543,4.7619,4.7679,4.7724,4.7755
2025-03-14,4.0833,3.9893,3.9834,4.0166,4.0668,4.1237,4.1823,4.24,4.2954,4.3478,4.3968,4.4424,4.4845,4.5232,4.5585,4.5907,4.6198,4.6461,4.6696,4.6905,4.709,4.7252,4.7393,4.7514,4.7615,4.77,4.7767,4.782,4.7858,4.7883
2025-03-17,4.1088,4.0261,4.0129,4.0359,4.0776,4.1281,4.182,4.2362,4.289,4.3394,4.3868,4.431,4.4718,4.5093,4.5436,4.5747,4.6027,4.6278,4.6502,4.6699,4.6872,4.7022,4.715,4.7258,4.7347,4.7418,4.7473,4.7512,4.7538,4.7549
2025-03-18,4.1082,4.0078,3.9862,4.0057,4.0463,4.0971,4.1519,4.2074,4.2615,4.3133,4.3619,4.4072,4.4491,4.4874,4.5224,4.554,4.5825,4.6079,4.6304,4.6502,4.6675,4.6823,4.6949,4.7054,4.7139,4.7205,4.7255,4.7289,4.7308,4.7313
2025-03-19,4.0822,3.9484,3.9312,3.9602,4.0082,4.0634,4.1205,4.1768,4.2309,4.2823,4.3305,4.3755,4.4171,4.4555,4.4908,4.523,4.5523,4.5788,4.6027,4.6241,4.6431,4.66,4.6747,4.6875,4.6985,4.7078,4.7154,4.7216,4.7264,4.7298
2025-03-20,4.052,3.923,3.9065,3.9359,3.9845,4.0405,4.0986,4.156,4.2114,4.2639,4.3134,4.3595,4.4023,4.4419,4.4782,4.5115,4.5418,4.5694,4.5942,4.6165,4.6365,4.6542,4.6698,4.6833,4.695,4.705,4.7133,4.7201,4.7254,4.7294
2025-03-21,4.033,3.9092,3.895,3.9274,3.9798,4.0401,4.1025,4.1642,4.2236,4.28,4.333,4.3824,4.4281,4.4703,4.5091,4.5445,4.5767,4.6058,4.6321,4.6556,4.6766,4.6951,4.7114,4.7254,4.7375,4.7477,4.7561,4.7628,4.7681,4.7718
2025-03-24,4.0918,3.9982,3.9878,4.0182,4.0681,4.1266,4.1878,4.2487,4.3076,4.3634,4.4159,4.4646,4.5096,4.5509,4.5887,4.6229,4.6538,4.6816,4.7064,4.7283,4.7476,4.7644,4.7788,4.791,4.8012,4.8095,4.8159,4.8207,4.824,4.8258
2025-03-25,4.077,3.9684,3.9552,3.9863,4.0377,4.0979,4.1607,4.2231,4.2833,4.3406,4.3943,4.4444,4.4908,4.5334,4.5725,4.608,4.6403,4.6694,4.6955,4.7187,4.7393,4.7574,4.7731,4.7865,4.7979,4.8074,4.815,4.821,4.8253,4.8282
2025-03-26,4.0857,3.9899,3.9795,4.0113,4.0636,4.125,4.1894,4.2535,4.3156,4.3745,4.4299,4.4813,4.5289,4.5726,4.6124,4.6487,4.6814,4.7108,4.737,4.7602,4.7806,4.7984,4.8137,4.8267,4.8375,4.8462,4.8531,4.8582,4.8617,4.8637
2025-03-27,4.0816,3.9773,3.9724,4.0124,4.0724,4.1402,4.2098,4.2782,4.3437,4.4055,4.4631,4.5164,4.5655,4.6104,4.6512,4.6881,4.7214,4.7511,4.7776,4.8009,4.8213,4.839,4.8541,4.8668,4.8773,4.8857,4.8921,4.8968,4.8998,4.9012
2025-03-28,4.0219,3.89,3.8719,3.9053,3.9617,4.0276,4.0964,4.1646,4.2304,4.2929,4.3515,4.406,4.4564,4.5028,4.5453,4.5839,4.6189,4.6504,4.6786,4.7038,4.726,4.7455,4.7624,4.7768,4.789,4.7991,4.8072,4.8135,4.818,4.821
2025-03-31,4.0087,3.8759,3.8533,3.8822,3.9351,3.9983,4.065,4.1315,4.1959,4.2571,4.3146,4.3681,4.4176,4.4631,4.5046,4.5424,4.5766,4.6073,4.6348,4.6592,4.6807,4.6994,4.7156,4.7293,4.7409,4.7503,4.7578,4.7634,4.7673,4.7697
2025-04-01,3.9923,3.8493,3.8172,3.8387,3.8862,3.9454,4.0092,4.0735,4.1362,4.196,4.2524,4.305,4.3538,4.3986,4.4397,4.477,4.5108,4.5412,4.5684,4.5925,4.6137,4.6323,4.6483,4.6619,4.6733,4.6826,4.6899,4.6955,4.6993,4.7016
2025-04-02,4.03,3.8891,3.8576,3.8788,3.9252,3.9832,4.0454,4.1082,4.1693,4.2277,4.2827,4.3341,4.3816,4.4254,4.4654,4.5018,4.5348,4.5645,4.591,4.6146,4.6354,4.6535,4.6692,4.6825,4.6936,4.7028,4.71,4.7155,4.7193,4.7215
2025-04-03,3.9233,3.7004,3.6506,3.6744,3.7305,3.8003,3.8749,3.9499,4.0229,4.0926,4.1584,4.2199,4.2771,4.33,4.3785,4.423,4.4634,4.5001,4.5331,4.5627,4.5891,4.6124,4.6328,4.6505,4.6656,4.6784,4.6889,4.6974,4.7039,4.7085
2025-04-04,3.8918,3.6698,3.626,3.6515,3.7056,3.7712,3.8405,3.9099,3.9773,4.0417,4.1026,4.1597,4.2128,4.2621,4.3076,4.3495,4.3877,4.4226,4.4543,4.4828,4.5085,4.5314,4.5517,4.5696,4.5851,4.5985,4.6099,4.6193,4.6269,4.6329
2025-04-07,3.9072,3.7141,3.6905,3.7337,3.8038,3.884,3.9663,4.0472,4.1247,4.1978,4.2661,4.3295,4.3879,4.4414,4.4902,4.5345,4.5745,4.6105,4.6426,4.6711,4.6961,4.718,4.7368,4.7528,4.7662,4.7772,4.7859,4.7925,4.797,4.7998
2025-04-08,3.8805,3.7039,3.7084,3.7774,3.8693,3.9678,4.0656,4.1594,4.2476,4.3297,4.4053,4.4745,4.5375,4.5944,4.6456,4.6914,4.732,4.7679,4.7993,4.8265,4.8498,4.8694,4.8856,4.8988,4.909,4.9165,4.9216,4.9243,4.925,4.9237
2025-04-09,4.0539,3.9126,3.9104,3.9626,4.0358,4.1157,4.1959,4.2732,4.3463,4.4143,4.477,4.5344,4.5866,4.6338,4.6762,4.714,4.7476,4.7772,4.8029,4.8252,4.8442,4.8601,4.8732,4.8837,4.8917,4.8975,4.9012,4.9029,4.903,4.9014
2025-04-10,3.9851,3.8434,3.8552,3.9264,4.0198,4.1197,4.2189,4.3139,4.4033,4.4862,4.5625,4.6321,4.6953,4.7523,4.8034,4.8489,4.8892,4.9246,4.9553,4.9818,5.0043,5.0231,5.0385,5.0506,5.0598,5.0663,5.0703,5.072,5.0716,5.0692
2025-04-11,4.0538,3.9577,3.9801,4.0495,4.1363,4.2273,4.3167,4.4017,4.4808,4.5536,4.6199,4.6799,4.7338,4.7819,4.8244,4.8618,4.8943,4.9224,4.9462,4.9662,4.9826,4.9957,5.0058,5.013,5.0177,5.02,5.0201,5.0183,5.0147,5.0094
2025-04-14,3.9904,3.8385,3.8459,3.9134,4.0028,4.0985,4.1933,4.284,4.3691,4.4478,4.5201,4.5859,4.6454,4.6989,4.7467,4.789,4.8264,4.8589,4.8871,4.9111,4.9313,4.948,4.9614,4.9718,4.9793,4.9843,4.9869,4.9873,4.9858,4.9824
2025-04-15,3.9882,3.8355,3.8272,3.8828,3.9658,4.059,4.1538,4.2459,4.3332,4.4146,4.4896,4.5581,4.6202,4.6762,4.7262,4.7706,4.8096,4.8437,4.8732,4.8983,4.9194,4.9367,4.9506,4.9612,4.9688,4.9738,4.9762,4.9762,4.9742,4.9702
2025-04-16,3.9531,3.7624,3.7446,3.7999,3.8855,3.9822,4.0807,4.1765,4.2673,4.3521,4.4303,4.5018,4.5668,4.6254,4.6779,4.7246,4.7659,4.802,4.8333,4.8601,4.8827,4.9014,4.9166,4.9284,4.9371,4.9429,4.9461,4.947,4.9455,4.9421
2025-04-17,3.988,3.7926,3.7795,3.8407,3.9315,4.0325,4.1344,4.233,4.3259,4.4123,4.4917,4.5641,4.6296,4.6885,4.741,4.7875,4.8284,4.864,4.8946,4.9207,4.9424,4.9603,4.9744,4.9851,4.9928,4.9975,4.9996,4.9993,4.9967,4.9921
2025-04-18,NA,NA,NA,NA,NA,NA,NA,NA,NA,NA,NA,NA,NA,NA,NA,NA,NA,NA,NA,NA,NA,NA,NA,NA,NA,NA,NA,NA,NA,NA
2025-04-21,3.9234,3.7387,3.7497,3.8361,3.9501,4.0716,4.1914,4.3052,4.4112,4.5085,4.5969,4.6766,4.7479,4.8112,4.8669,4.9156,4.9576,4.9934,5.0236,5.0485,5.0685,5.0841,5.0955,5.1032,5.1074,5.1084,5.1066,5.1021,5.0952,5.0862
2025-04-22,3.9683,3.7923,3.7919,3.8643,3.9657,4.0764,4.1872,4.2935,4.3932,4.4852,4.5694,4.6456,4.714,4.7751,4.8292,4.8766,4.9179,4.9534,4.9835,5.0086,5.0291,5.0454,5.0577,5.0664,5.0718,5.0741,5.0737,5.0707,5.0654,5.058
2025-04-23,4.0145,3.8511,3.8447,3.9055,3.9941,4.0924,4.1916,4.2874,4.3776,4.4613,4.538,4.6077,4.6705,4.7268,4.7767,4.8207,4.8592,4.8924,4.9207,4.9446,4.9642,4.98,4.9921,5.001,5.0068,5.0099,5.0103,5.0085,5.0045,4.9985
2025-04-24,3.9664,3.7846,3.7686,3.8247,3.9114,4.0094,4.1091,4.2059,4.2974,4.3825,4.4607,4.5319,4.5962,4.6538,4.705,4.7502,4.7898,4.824,4.8533,4.878,4.8984,4.9148,4.9276,4.937,4.9432,4.9467,4.9474,4.9458,4.942,4.9361
2025-04-25,3.953,3.7555,3.7323,3.7847,3.8692,3.9658,4.0647,4.161,4.2525,4.3377,4.4163,4.4881,4.5531,4.6117,4.6639,4.7102,4.7509,4.7864,4.817,4.8429,4.8646,4.8824,4.8965,4.9072,4.9147,4.9194,4.9214,4.921,4.9184,4.9137
2025-04-28,3.9079,3.6746,3.6502,3.7087,3.7998,3.9021,4.0056,4.1057,4.2001,4.2878,4.3684,4.4418,4.5081,4.5676,4.6206,4.6674,4.7085,4.7442,4.7748,4.8007,4.8223,4.8398,4.8536,4.8639,4.871,4.8753,4.8768,4.8759,4.8727,4.8674
2025-04-29,3.8812,3.6462,3.6162,3.6695,3.7565,3.8556,3.9568,4.0551,4.1482,4.235,4.3148,4.3877,4.4538,4.5131,4.5661,4.6131,4.6544,4.6904,4.7214,4.7478,4.7698,4.7878,4.8021,4.813,4.8208,4.8256,4.8277,4.8273,4.8247,4.8201
2025-04-30,3.8405,3.5891,3.5578,3.616,3.7105,3.8178,3.9272,4.0335,4.1341,4.2277,4.3138,4.3923,4.4633,4.5272,4.5841,4.6345,4.6787,4.7172,4.7503,4.7783,4.8017,4.8207,4.8358,4.8471,4.855,4.8598,4.8617,4.8609,4.8577,4.8523
2025-05-01,3.9082,3.6929,3.6601,3.7107,3.7987,3.9017,4.0083,4.1129,4.2125,4.3055,4.3912,4.4695,4.5404,4.604,4.6607,4.7108,4.7546,4.7927,4.8252,4.8527,4.8755,4.8938,4.9081,4.9187,4.9258,4.9297,4.9306,4.9289,4.9248,4.9184
2025-05-02,3.9884,3.8138,3.7824,3.8242,3.902,3.9961,4.0955,4.1942,4.2889,4.3779,4.4602,4.5355,4.6037,4.6648,4.7193,4.7673,4.8092,4.8453,4.8761,4.9019,4.923,4.9398,4.9526,4.9617,4.9674,4.97,4.9697,4.9667,4.9614,4.9538
2025-05-05,3.9972,3.8213,3.7931,3.8391,3.9211,4.019,4.1217,4.2233,4.3204,4.4115,4.4955,4.5722,4.6415,4.7036,4.7588,4.8074,4.8498,4.8862,4.9172,4.9431,4.9642,4.9809,4.9935,5.0024,5.0078,5.01,5.0093,5.0059,5.0001,4.9921
2025-05-06,3.961,3.772,3.7439,3.7936,3.8799,3.9816,4.0876,4.1919,4.2914,4.3845,4.4703,4.5487,4.6196,4.6831,4.7397,4.7895,4.8331,4.8707,4.9028,4.9298,4.9519,4.9696,4.9831,4.9929,4.9992,5.0022,5.0023,4.9997,4.9946,4.9873
2025-05-07,3.9754,3.7662,3.7264,3.7683,3.8488,3.9458,4.048,4.1493,4.2464,4.3375,4.4219,4.4992,4.5694,4.6326,4.689,4.739,4.7829,4.821,4.8538,4.8815,4.9046,4.9233,4.938,4.9489,4.9564,4.9608,4.9622,4.9609,4.9572,4.9512
2025-05-08,4.0313,3.8785,3.8559,3.9002,3.9777,4.07,4.1671,4.2633,4.3555,4.4421,4.5222,4.5954,4.6617,4.7212,4.7742,4.8209,4.8618,4.897,4.9271,4.9523,4.9729,4.9894,5.002,5.011,5.0167,5.0193,5.0192,5.0165,5.0114,5.0043
2025-05-09,4.0236,3.8663,3.8465,3.8944,3.9746,4.0686,4.1665,4.263,4.3553,4.4417,4.5215,4.5946,4.6608,4.7204,4.7735,4.8205,4.8617,4.8975,4.9281,4.954,4.9755,4.9928,5.0063,5.0164,5.0231,5.0269,5.0279,5.0264,5.0226,5.0166
2025-05-12,4.0917,3.9707,3.9565,3.9998,4.0728,4.1596,4.2512,4.3424,4.43,4.5125,4.589,4.6591,4.7226,4.7797,4.8306,4.8755,4.9148,4.9488,4.9777,5.002,5.0219,5.0378,5.0499,5.0586,5.0641,5.0667,5.0666,5.064,5.0591,5.0522
2025-05-13,4.1062,4.0006,3.9867,4.0273,4.0989,4.1865,4.281,4.3764,4.469,4.5567,4.6381,4.7127,4.7801,4.8403,4.8934,4.9398,4.9797,5.0135,5.0415,5.0642,5.0819,5.095,5.1037,5.1086,5.1098,5.1077,5.1025,5.0946,5.0842,5.0715
2025-05-14,4.1245,4.0367,4.0297,4.0718,4.1424,4.2283,4.3207,4.4142,4.5053,4.5917,4.6721,4.7459,4.8127,4.8724,4.9252,4.9713,5.0111,5.0447,5.0726,5.0952,5.1128,5.1257,5.1344,5.1392,5.1403,5.138,5.1328,5.1247,5.1141,5.1012
2025-05-15,4.0787,3.9474,3.9266,3.9679,4.0427,4.1339,4.2315,4.3293,4.4238,4.5129,4.5955,4.671,4.7392,4.8003,4.8543,4.9017,4.9426,4.9776,5.007,5.031,5.0503,5.0649,5.0754,5.0821,5.0852,5.085,5.0819,5.076,5.0677,5.0571
2025-05-16,4.0955,3.9655,3.9363,3.9678,4.0343,4.1197,4.2137,4.3098,4.4039,4.4935,4.5769,4.6536,4.723,4.785,4.8399,4.8877,4.9289,4.9638,4.9927,5.016,5.0341,5.0474,5.0563,5.061,5.0619,5.0594,5.0537,5.0451,5.0339,5.0203
2025-05-19,4.0857,3.9494,3.9254,3.9656,4.041,4.134,4.2341,4.3347,4.432,4.5236,4.6085,4.6859,4.7556,4.8177,4.8724,4.92,4.9609,4.9953,5.0239,5.0469,5.0647,5.0778,5.0864,5.0911,5.092,5.0896,5.084,5.0756,5.0647,5.0514
2025-05-20,4.0856,3.9479,3.9242,3.9663,4.0448,4.1416,4.2458,4.3508,4.4523,4.5481,4.6368,4.7177,4.7906,4.8554,4.9126,4.9622,5.0048,5.0407,5.0704,5.0942,5.1126,5.126,5.1348,5.1394,5.14,5.1371,5.1309,5.1218,5.11,5.0957
2025-05-21,4.1046,3.9818,3.9745,4.0316,4.1229,4.2303,4.3431,4.4548,4.5617,4.6616,4.7535,4.8367,4.9112,4.9772,5.035,5.0849,5.1274,5.163,5.1922,5.2153,5.2328,5.2453,5.2531,5.2565,5.256,5.2519,5.2445,5.2341,5.2211,5.2056
2025-05-22,4.1114,3.9783,3.958,4.0039,4.0872,4.1895,4.2997,4.4107,4.5182,4.6196,4.7134,4.7989,4.8758,4.9441,5.0041,5.056,5.1003,5.1374,5.1677,5.1918,5.21,5.2229,5.2308,5.2341,5.2333,5.2286,5.2205,5.2091,5.195,5.1782
2025-05-23,4.1343,3.9836,3.9504,3.9871,4.0639,4.162,4.2695,4.379,4.4859,4.5874,4.6819,4.7684,4.8466,4.9165,4.9781,5.0318,5.0779,5.1168,5.1489,5.1748,5.1948,5.2093,5.2189,5.2238,5.2244,5.2212,5.2144,5.2043,5.1913,5.1756
2025-05-26,NA,NA,NA,NA,NA,NA,NA,NA,NA,NA,NA,NA,NA,NA,NA,NA,NA,NA,NA,NA,NA,NA,NA,NA,NA,NA,NA,NA,NA,NA
2025-05-27,4.1095,3.9497,3.9059,3.9328,4.0014,4.0929,4.1953,4.301,4.405,4.5042,4.5969,4.682,4.759,4.8277,4.8882,4.9409,4.9859,5.0237,5.0548,5.0795,5.0983,5.1116,5.1198,5.1233,5.1225,5.1178,5.1095,5.0979,5.0834,5.0661
2025-05-28,4.1366,3.9793,3.9385,3.9681,4.0387,4.1316,4.2349,4.3408,4.4447,4.5436,4.6356,4.7199,4.796,4.8637,4.9233,4.9749,5.0189,5.0557,5.0858,5.1096,5.1275,5.14,5.1474,5.1503,5.1489,5.1436,5.1348,5.1227,5.1077,5.0901
2025-05-29,4.1105,3.9317,3.8845,3.9135,3.9852,4.079,4.1826,4.2883,4.3914,4.4893,4.5802,4.6635,4.7388,4.806,4.8653,4.917,4.9614,4.999,5.0302,5.0554,5.075,5.0894,5.099,5.1043,5.1055,5.103,5.0971,5.0881,5.0763,5.0619
2025-05-30,4.0966,3.895,3.8452,3.8786,3.9559,4.0548,4.1624,4.2709,4.3761,4.4754,4.5675,4.6517,4.7278,4.7958,4.856,4.9088,4.9544,4.9932,5.0259,5.0526,5.0739,5.0901,5.1017,5.1089,5.1122,5.1119,5.1082,5.1015,5.092,5.0801
2025-06-02,4.1008,3.9247,3.8824,3.9172,3.9949,4.0947,4.204,4.3151,4.4232,4.5258,4.6211,4.7084,4.7874,4.858,4.9204,4.975,5.022,5.062,5.0953,5.1224,5.1437,5.1596,5.1706,5.177,5.1792,5.1776,5.1724,5.164,5.1527,5.1387
2025-06-03,4.1104,3.9459,3.9051,3.9373,4.0112,4.1072,4.2131,4.3214,4.4274,4.5281,4.6221,4.7083,4.7864,4.8562,4.9181,4.9721,5.0187,5.0583,5.0912,5.1179,5.1389,5.1544,5.1651,5.1711,5.173,5.171,5.1654,5.1567,5.145,5.1306
2025-06-04,4.0602,3.8601,3.809,3.8399,3.9145,4.0108,4.1161,4.2228,4.3265,4.4248,4.5162,4.6002,4.6764,4.7448,4.8057,4.8593,4.906,4.9462,4.9802,5.0085,5.0314,5.0493,5.0627,5.0717,5.0769,5.0785,5.0767,5.0719,5.0643,5.0543
2025-06-05,4.0758,3.9144,3.8746,3.9047,3.9737,4.063,4.161,4.2609,4.3585,4.4512,4.5377,4.6171,4.6893,4.7541,4.8117,4.8624,4.9064,4.9441,4.9759,5.0021,5.0232,5.0395,5.0513,5.0591,5.063,5.0634,5.0607,5.055,5.0467,5.0359
2025-06-06,4.1361,4.0163,3.9956,4.0333,4.1041,4.1923,4.2878,4.3845,4.4787,4.5679,4.651,4.7271,4.796,4.8576,4.9121,4.9598,5.0009,5.0358,5.0649,5.0886,5.1073,5.1212,5.1308,5.1364,5.1383,5.1368,5.1322,5.1248,5.1149,5.1026
2025-06-09,4.1254,3.9867,3.9604,3.9979,4.0706,4.1608,4.2584,4.3567,4.4522,4.5426,4.6266,4.7035,4.7733,4.8359,4.8914,4.9401,4.9824,5.0185,5.049,5.0741,5.0943,5.1098,5.121,5.1283,5.1319,5.1323,5.1295,5.124,5.1158,5.1054
2025-06-10,4.1253,3.9844,3.9548,3.9892,4.0589,4.1468,4.2424,4.3392,4.4333,4.5226,4.6057,4.6819,4.7511,4.8131,4.8681,4.9165,4.9584,4.9943,5.0246,5.0495,5.0694,5.0848,5.0959,5.103,5.1065,5.1068,5.1039,5.0983,5.0901,5.0796
2025-06-11,4.0869,3.9207,3.885,3.9203,3.9931,4.0842,4.1826,4.2817,4.378,4.4691,4.554,4.6322,4.7033,4.7675,4.8249,4.8757,4.9203,4.959,4.9922,5.0202,5.0433,5.062,5.0764,5.087,5.094,5.0976,5.0983,5.0961,5.0914,5.0843
2025-06-12,4.0605,3.8837,3.8427,3.8744,3.9438,4.0316,4.1265,4.2223,4.3154,4.4036,4.4859,4.5618,4.631,4.6935,4.7496,4.7995,4.8434,4.8817,4.9148,4.9428,4.9662,4.9853,5.0004,5.0118,5.0197,5.0244,5.0262,5.0253,5.0218,5.0162
2025-06-13,4.0814,3.9275,3.8913,3.9228,3.9921,4.081,4.1785,4.2777,4.3748,4.4671,4.5534,4.6329,4.7053,4.7705,4.8286,4.88,4.9248,4.9635,4.9964,5.0238,5.0461,5.0637,5.0769,5.086,5.0913,5.0932,5.0919,5.0877,5.0809,5.0715
2025-06-16,4.103,3.9447,3.9087,3.9429,4.0159,4.109,4.2106,4.3138,4.4144,4.5099,4.5989,4.6808,4.7551,4.8219,4.8813,4.9335,4.979,5.0181,5.0511,5.0784,5.1004,5.1176,5.1302,5.1385,5.143,5.144,5.1416,5.1363,5.1282,5.1176
2025-06-17,4.0956,3.922,3.873,3.8966,3.9612,4.0477,4.1441,4.2434,4.3409,4.4342,4.5215,4.602,4.6755,4.7416,4.8007,4.8528,4.8983,4.9375,4.9707,4.9984,5.0208,5.0384,5.0514,5.0603,5.0654,5.0669,5.0651,5.0603,5.0528,5.0427
2025-06-18,4.0946,3.9108,3.8619,3.8888,3.9572,4.0468,4.1454,4.246,4.3442,4.4375,4.5246,4.6047,4.6776,4.7431,4.8015,4.853,4.8979,4.9365,4.9693,4.9966,5.0187,5.0361,5.0491,5.0579,5.063,5.0647,5.0631,5.0586,5.0514,5.0418
2025-06-19,NA,NA,NA,NA,NA,NA,NA,NA,NA,NA,NA,NA,NA,NA,NA,NA,NA,NA,NA,NA,NA,NA,NA,NA,NA,NA,NA,NA,NA,NA
2025-06-20,4.0646,3.8785,3.834,3.8666,3.9402,4.0341,4.136,4.2391,4.3393,4.4343,4.5227,4.604,4.6779,4.7445,4.8039,4.8564,4.9023,4.942,4.9759,5.0043,5.0276,5.0461,5.0603,5.0703,5.0766,5.0795,5.0792,5.0759,5.07,5.0616
2025-06-23,4.0242,3.8135,3.7667,3.8041,3.8834,3.9821,4.0879,4.1939,4.2963,4.3931,4.483,4.5657,4.6409,4.7089,4.7697,4.8236,4.8711,4.9125,4.948,4.9782,5.0034,5.0239,5.04,5.0521,5.0604,5.0653,5.0671,5.0659,5.0621,5.0558
2025-06-24,4.0035,3.7779,3.7249,3.7597,3.8385,3.9375,4.044,4.1508,4.2542,4.3518,4.4425,4.5259,4.6018,4.6703,4.7316,4.7859,4.8337,4.8753,4.9111,4.9413,4.9665,4.987,5.003,5.015,5.0232,5.0279,5.0294,5.028,5.0239,5.0173
2025-06-25,3.9915,3.7641,3.7103,3.7454,3.8251,3.9256,4.0337,4.1423,4.2473,4.3464,4.4386,4.5233,4.6003,4.6697,4.7317,4.7867,4.835,4.877,4.913,4.9434,4.9686,4.989,5.0049,5.0167,5.0246,5.029,5.0301,5.0282,5.0236,5.0165
2025-06-26,3.9559,3.7095,3.6558,3.6961,3.7814,3.8866,3.9984,4.1099,4.2171,4.318,4.4117,4.4976,4.5757,4.6461,4.7091,4.765,4.8142,4.857,4.8938,4.925,4.951,4.9722,4.9889,5.0015,5.0102,5.0153,5.0172,5.0161,5.0123,5.0059
2025-06-27,3.9753,3.7389,3.6884,3.7298,3.8156,3.9211,4.0333,4.1452,4.2527,4.3539,4.4478,4.5338,4.6119,4.6823,4.7451,4.8007,4.8496,4.892,4.9284,4.9591,4.9846,5.0052,5.0213,5.0332,5.0413,5.0458,5.047,5.0452,5.0407,5.0336
2025-06-30,3.9603,3.7069,3.6517,3.6905,3.7731,3.8747,3.9825,4.0899,4.1932,4.2905,4.3809,4.4639,4.5396,4.608,4.6694,4.7241,4.7723,4.8146,4.8511,4.8824,4.9087,4.9304,4.9478,4.9612,4.971,4.9773,4.9806,4.9809,4.9786,4.9738
2025-07-01,3.9904,3.7663,3.7134,3.7462,3.8211,3.9153,4.0165,4.118,4.2161,4.3089,4.3953,4.4748,4.5473,4.6128,4.6716,4.724,4.7702,4.8105,4.8455,4.8752,4.9002,4.9208,4.9371,4.9497,4.9586,4.9643,4.967,4.9668,4.9641,4.9591
2025-07-02,3.9881,3.7749,3.7305,3.7703,3.8511,3.9502,4.0556,4.1606,4.2617,4.3568,4.4451,4.5261,4.5997,4.666,4.7252,4.7777,4.8238,4.8639,4.8984,4.9275,4.9517,4.9714,4.9868,4.9982,5.006,5.0105,5.0119,5.0104,5.0063,4.9999
2025-07-03,4.0891,3.8664,3.8123,3.8437,3.9177,4.0113,4.1122,4.2136,4.3115,4.4041,4.4901,4.5692,4.6411,4.706,4.764,4.8154,4.8606,4.8999,4.9337,4.9622,4.9859,5.0051,5.0202,5.0313,5.0389,5.0432,5.0444,5.0429,5.0388,5.0323
2025-07-04,NA,NA,NA,NA,NA,NA,NA,NA,NA,NA,NA,NA,NA,NA,NA,NA,NA,NA,NA,NA,NA,NA,NA,NA,NA,NA,NA,NA,NA,NA
2025-07-07,4.0713,3.8709,3.8253,3.8616,3.9403,4.0391,4.1455,4.2524,4.3557,4.4533,4.5439,4.627,4.7024,4.7701,4.8304,4.8836,4.93,4.9701,5.0042,5.0327,5.056,5.0745,5.0884,5.0983,5.1043,5.1068,5.1061,5.1025,5.0961,5.0873
2025-07-08,4.085,3.8814,3.8409,3.8829,3.9654,4.0662,4.1731,4.2796,4.3819,4.4781,4.5671,4.6487,4.7225,4.7889,4.8481,4.9003,4.9459,4.9854,5.0191,5.0474,5.0706,5.0892,5.1034,5.1137,5.1203,5.1234,5.1235,5.1207,5.1153,5.1075
2025-07-09,4.051,3.8306,3.7809,3.8171,3.8955,3.9931,4.0976,4.2022,4.303,4.3982,4.4865,4.5676,4.6414,4.7079,4.7674,4.8201,4.8664,4.9067,4.9413,4.9707,4.995,5.0148,5.0303,5.0418,5.0497,5.0542,5.0557,5.0542,5.0502,5.0438
2025-07-10,4.0512,3.8439,3.7977,3.8335,3.9102,4.0057,4.1079,4.2102,4.3089,4.4021,4.4886,4.568,4.6402,4.7053,4.7635,4.8151,4.8603,4.8996,4.9334,4.9619,4.9856,5.0047,5.0197,5.0308,5.0382,5.0424,5.0435,5.0419,5.0376,5.031
2025-07-11,4.0646,3.8735,3.8385,3.8835,3.9684,4.0712,4.18,4.2883,4.3924,4.4902,4.5807,4.6635,4.7386,4.806,4.866,4.919,4.9653,5.0052,5.0393,5.0679,5.0913,5.11,5.1243,5.1345,5.1409,5.1439,5.1438,5.1407,5.135,5.1268
2025-07-14,4.0596,3.8641,3.8289,3.8751,3.9615,4.0659,4.1762,4.2858,4.391,4.4899,4.5814,4.6651,4.741,4.8091,4.8698,4.9234,4.9702,5.0107,5.0453,5.0743,5.0982,5.1172,5.1318,5.1423,5.1491,5.1523,5.1524,5.1495,5.144,5.136
2025-07-15,4.0929,3.9215,3.8938,3.9418,4.0282,4.1323,4.2424,4.3517,4.4567,4.5552,4.6462,4.7292,4.8042,4.8713,4.9308,4.983,5.0283,5.0671,5.0998,5.1269,5.1488,5.1658,5.1783,5.1867,5.1912,5.1923,5.1902,5.1851,5.1774,5.1673
2025-07-16,4.0567,3.8567,3.8238,3.8753,3.9681,4.079,4.1957,4.311,4.4214,4.5248,4.6202,4.7072,4.7858,4.8562,4.9186,4.9735,5.0212,5.0622,5.097,5.1258,5.1493,5.1677,5.1815,5.191,5.1966,5.1985,5.1971,5.1927,5.1856,5.1759
2025-07-17,4.0788,3.8871,3.8513,3.8976,3.9857,4.0932,4.2074,4.3211,4.4304,4.533,4.6278,4.7143,4.7924,4.8623,4.9241,4.9783,5.0253,5.0654,5.0993,5.1272,5.1496,5.1669,5.1796,5.1879,5.1922,5.1928,5.1901,5.1844,5.1759,5.1648
2025-07-18,4.051,3.8424,3.8037,3.8517,3.9425,4.0525,4.1689,4.2845,4.3955,4.4996,4.5959,4.6838,4.7634,4.8347,4.8981,4.9539,5.0025,5.0444,5.08,5.1096,5.1338,5.1529,5.1673,5.1774,5.1835,5.1859,5.185,5.1809,5.1741,5.1647
2025-07-21,4.0437,3.8168,3.7672,3.8079,3.8934,3.9993,4.1124,4.2254,4.3343,4.4367,4.5317,4.6186,4.6975,4.7684,4.8315,4.8873,4.9361,4.9782,5.0142,5.0444,5.0692,5.089,5.1041,5.115,5.1219,5.1252,5.1252,5.1221,5.1162,5.1078
2025-07-22,4.0268,3.7972,3.7416,3.7771,3.8593,3.9634,4.0758,4.1888,4.2981,4.4013,4.497,4.5847,4.6642,4.7357,4.7992,4.8553,4.9042,4.9463,4.9821,5.012,5.0364,5.0557,5.0702,5.0804,5.0865,5.0889,5.088,5.0839,5.077,5.0674
2025-07-23,4.0574,3.8489,3.8015,3.839,3.92,4.0216,4.131,4.241,4.3473,4.4478,4.5412,4.627,4.7049,4.775,4.8376,4.893,4.9415,4.9834,5.0193,5.0495,5.0744,5.0943,5.1096,5.1207,5.1278,5.1314,5.1316,5.1288,5.1232,5.1151
2025-07-24,4.0783,3.8865,3.8413,3.8761,3.9535,4.0516,4.1582,4.2659,4.3704,4.4693,4.5613,4.6459,4.7226,4.7916,4.8531,4.9074,4.9548,4.9956,5.0304,5.0594,5.0831,5.1018,5.1159,5.1258,5.1317,5.1341,5.1331,5.1291,5.1223,5.113
2025-07-25,4.0687,3.8753,3.8252,3.855,3.9282,4.0233,4.1277,4.2338,4.3374,4.4358,4.5275,4.6119,4.6887,4.7578,4.8194,4.8738,4.9212,4.9622,4.997,5.0261,5.0498,5.0685,5.0826,5.0924,5.0982,5.1004,5.0992,5.095,5.088,5.0784
2025-07-28,4.0738,3.8829,3.8386,3.874,3.9515,4.0497,4.1561,4.2636,4.3679,4.4667,4.5587,4.6433,4.7202,4.7895,4.8514,4.9061,4.954,4.9955,5.0309,5.0606,5.0851,5.1046,5.1196,5.1303,5.1371,5.1404,5.1403,5.1372,5.1313,5.1229
2025-07-29,4.0527,3.8441,3.7868,3.8121,3.8814,3.9729,4.0737,4.1764,4.2768,4.3724,4.4617,4.5442,4.6194,4.6875,4.7484,4.8025,4.8501,4.8915,4.927,4.9571,4.982,5.0022,5.0179,5.0295,5.0373,5.0416,5.0427,5.0407,5.0361,5.0289
2025-07-30,4.1147,3.9134,3.8532,3.8732,3.9374,4.0248,4.1226,4.2232,4.3221,4.4166,4.5051,4.5867,4.6612,4.7284,4.7885,4.8417,4.8882,4.9284,4.9627,4.9914,5.0149,5.0335,5.0476,5.0576,5.0637,5.0662,5.0655,5.0617,5.0552,5.0461
2025-07-31,4.1212,3.9122,3.8501,3.8698,3.934,4.021,4.118,4.2176,4.3153,4.4086,4.4959,4.5765,4.6501,4.7166,4.7762,4.829,4.8753,4.9156,4.9501,4.9791,5.0031,5.0223,5.0372,5.0479,5.055,5.0585,5.0588,5.0562,5.0509,5.0431
2025-08-01,3.9076,3.6715,3.6264,3.6703,3.7553,3.8579,3.966,4.0736,4.1771,4.2749,4.366,4.4502,4.5273,4.5975,4.6609,4.7178,4.7685,4.8135,4.8529,4.8871,4.9166,4.9414,4.9621,4.9789,4.992,5.0017,5.0083,5.0119,5.0129,5.0114
2025-08-04,3.889,3.6571,3.6088,3.6495,3.7327,3.8347,3.9433,4.0518,4.1567,4.2559,4.3486,4.4343,4.5128,4.5843,4.6488,4.7068,4.7585,4.8042,4.8442,4.879,4.9089,4.934,4.9549,4.9718,4.9849,4.9945,5.0009,5.0043,5.005,5.0032
2025-08-05,3.9084,3.6895,3.6375,3.6713,3.7483,3.8458,3.951,4.057,4.1599,4.2575,4.3487,4.4328,4.5097,4.5794,4.6422,4.6982,4.7478,4.7914,4.8292,4.8616,4.889,4.9118,4.9301,4.9444,4.9549,4.9619,4.9657,4.9665,4.9646,4.9602
2025-08-06,3.8933,3.6709,3.6228,3.6627,3.7461,3.8493,3.9597,4.0703,4.1772,4.2783,4.3724,4.4592,4.5385,4.6102,4.6747,4.7323,4.7832,4.8278,4.8665,4.8997,4.9277,4.9509,4.9696,4.9841,4.9948,5.0019,5.0056,5.0064,5.0043,4.9997
2025-08-07,3.9149,3.7029,3.6558,3.6932,3.773,3.8727,3.9798,4.0874,4.1917,4.2906,4.3829,4.4681,4.546,4.6167,4.6803,4.7372,4.7876,4.8319,4.8704,4.9036,4.9316,4.9549,4.9738,4.9886,4.9997,5.0072,5.0114,5.0127,5.0112,5.0071
2025-08-08,3.9211,3.7275,3.6907,3.7335,3.8158,3.9161,4.0229,4.1297,4.2329,4.3306,4.4219,4.5061,4.5832,4.6532,4.7164,4.773,4.8232,4.8675,4.9062,4.9396,4.9681,4.9919,5.0115,5.027,5.0389,5.0473,5.0525,5.0547,5.0543,5.0513
2025-08-11,3.9182,3.7281,3.6907,3.7315,3.8116,3.9099,4.0149,4.1202,4.2222,4.319,4.4094,4.4931,4.5697,4.6395,4.7025,4.759,4.8093,4.8538,4.8927,4.9263,4.9551,4.9793,4.9993,5.0153,5.0276,5.0365,5.0422,5.045,5.045,5.0426
2025-08-12,3.8879,3.7,3.6707,3.7207,3.8091,3.9147,4.0259,4.1366,4.2432,4.3439,4.4378,4.5243,4.6035,4.6754,4.7403,4.7984,4.85,4.8956,4.9353,4.9697,4.9991,5.0237,5.0439,5.0601,5.0724,5.0813,5.0869,5.0895,5.0893,5.0866
2025-08-13,3.8481,3.649,3.6165,3.6656,3.7539,3.8594,3.9705,4.0809,4.1872,4.2876,4.3811,4.4675,4.5465,4.6182,4.683,4.7411,4.7927,4.8383,4.8783,4.9128,4.9424,4.9673,4.9878,5.0042,5.0169,5.0261,5.0321,5.0351,5.0353,5.033
2025-08-14,3.8871,3.7042,3.67,3.7147,3.8,3.9046,4.0164,4.1286,4.2371,4.34,4.4358,4.5241,4.6048,4.6778,4.7434,4.8018,4.8534,4.8986,4.9377,4.9711,4.9992,5.0223,5.0408,5.055,5.0652,5.0718,5.075,5.075,5.0722,5.0668
2025-08-15,3.9062,3.726,3.6929,3.7392,3.8271,3.935,4.0505,4.1664,4.2786,4.3846,4.4833,4.574,4.6566,4.731,4.7976,4.8566,4.9084,4.9534,4.9919,5.0245,5.0515,5.0733,5.0902,5.1027,5.111,5.1155,5.1165,5.1143,5.1091,5.1012
2025-08-18,3.907,3.7346,3.7019,3.7469,3.8337,3.9413,4.0571,4.1739,4.2873,4.3947,4.4947,4.5867,4.6704,4.7458,4.8132,4.8728,4.9249,4.9701,5.0087,5.041,5.0677,5.0889,5.1052,5.1169,5.1243,5.1278,5.1278,5.1243,5.1179,5.1087
2025-08-19,3.8923,3.7167,3.6789,3.7194,3.8028,3.9081,4.0225,4.1386,4.2516,4.3589,4.459,4.5511,4.635,4.7105,4.7779,4.8374,4.8894,4.9344,4.9726,5.0046,5.0308,5.0515,5.0672,5.0782,5.0849,5.0876,5.0866,5.0823,5.075,5.0648
2025-08-20,3.8844,3.706,3.6656,3.704,3.7859,3.8902,4.0042,4.1201,4.2333,4.341,4.4417,4.5345,4.619,4.6954,4.7636,4.824,4.8769,4.9228,4.9619,4.9948,5.0218,5.0433,5.0597,5.0715,5.0789,5.0823,5.082,5.0784,5.0716,5.062
2025-08-21,3.9242,3.7535,3.7161,3.755,3.8362,3.9392,4.0515,4.1657,4.2771,4.3831,4.4822,4.5734,4.6566,4.7317,4.7987,4.858,4.9099,4.9549,4.9932,5.0253,5.0517,5.0727,5.0886,5.1,5.107,5.1101,5.1096,5.1057,5.0988,5.0891
2025-08-22,3.8525,3.651,3.6101,3.6546,3.7432,3.8528,3.9705,4.0888,4.2034,4.3119,4.4131,4.5063,4.5913,4.6682,4.7372,4.7986,4.8528,4.9001,4.9409,4.9757,5.0048,5.0287,5.0477,5.0621,5.0723,5.0786,5.0813,5.0808,5.0772,5.0708
2025-08-25,3.8709,3.6922,3.6519,3.6907,3.7733,3.8785,3.9934,4.1103,4.2245,4.3333,4.4349,4.5287,4.6142,4.6914,4.7604,4.8216,4.8752,4.9217,4.9615,4.9949,5.0224,5.0444,5.0612,5.0733,5.0811,5.0848,5.0847,5.0813,5.0747,5.0652
2025-08-26,3.8373,3.6374,3.5942,3.6373,3.7266,3.8386,3.96,4.0827,4.202,4.3153,4.421,4.5185,4.6074,4.6878,4.7599,4.8239,4.8802,4.9292,4.9714,5.0072,5.0369,5.061,5.0799,5.094,5.1036,5.1091,5.1108,5.109,5.104,5.096
2025-08-27,3.8266,3.6147,3.5657,3.607,3.697,3.8114,3.9359,4.0622,4.1854,4.3025,4.412,4.513,4.6053,4.6887,4.7635,4.83,4.8885,4.9395,4.9833,5.0205,5.0515,5.0766,5.0963,5.111,5.121,5.1268,5.1286,5.1267,5.1215,5.1132
2025-08-28,3.8362,3.6264,3.5702,3.6024,3.6843,3.7922,3.9121,4.035,4.1558,4.2713,4.3796,4.4798,4.5713,4.6542,4.7284,4.7944,4.8523,4.9026,4.9457,4.9821,5.0122,5.0363,5.055,5.0685,5.0774,5.0819,5.0824,5.0792,5.0726,5.0629
2025-08-29,3.8116,3.6023,3.5519,3.5912,3.6797,3.7935,3.9183,4.0455,4.1699,4.2885,4.3997,4.5024,4.5964,4.6815,4.7579,4.8259,4.8858,4.9381,4.9832,5.0214,5.0533,5.0792,5.0996,5.1149,5.1255,5.1316,5.1337,5.132,5.1269,5.1187
2025-09-01,NA,NA,NA,NA,NA,NA,NA,NA,NA,NA,NA,NA,NA,NA,NA,NA,NA,NA,NA,NA,NA,NA,NA,NA,NA,NA,NA,NA,NA,NA
2025-09-02,3.8319,3.6429,3.5982,3.6382,3.7267,3.8409,3.9669,4.0959,4.2226,4.3437,4.4573,4.5622,4.6582,4.7449,4.8225,4.8914,4.9517,5.004,5.0487,5.0863,5.1171,5.1417,5.1606,5.174,5.1824,5.1863,5.1859,5.1816,5.1737,5.1626
2025-09-03,3.7919,3.6034,3.5564,3.5929,3.6774,3.7876,3.9097,4.0352,4.1586,4.2768,4.3877,4.4904,4.5843,4.6693,4.7454,4.813,4.8723,4.9237,4.9677,5.0047,5.0352,5.0596,5.0782,5.0916,5.1001,5.1041,5.104,5.1,5.0925,5.0818
2025-09-04,3.7711,3.5746,3.5199,3.5505,3.631,3.7388,3.86,3.9854,4.1095,4.2288,4.3411,4.4453,4.5407,4.6272,4.7047,4.7734,4.8338,4.8861,4.9309,4.9685,4.9993,5.0239,5.0427,5.056,5.0643,5.068,5.0674,5.0628,5.0547,5.0432
2025-09-05,3.68,3.4998,3.4555,3.4914,3.5731,3.6794,3.7973,3.9184,4.0377,4.1521,4.2597,4.3596,4.4512,4.5344,4.6092,4.6759,4.7348,4.7862,4.8305,4.8682,4.8996,4.9252,4.9454,4.9605,4.9708,4.9769,4.9789,4.9772,4.9721,4.9639
2025-09-08,3.6719,3.4828,3.438,3.4745,3.5553,3.6589,3.7722,3.8876,4.0005,4.1082,4.2091,4.3025,4.3879,4.4654,4.535,4.5971,4.6519,4.6999,4.7413,4.7766,4.8061,4.8303,4.8495,4.8641,4.8744,4.8807,4.8833,4.8825,4.8787,4.8719
2025-09-09,3.6973,3.525,3.4791,3.5092,3.5835,3.6822,3.7926,3.9068,4.0197,4.1282,4.2305,4.3255,4.4126,4.4916,4.5626,4.6258,4.6814,4.7298,4.7714,4.8065,4.8356,4.8591,4.8772,4.8905,4.8992,4.9037,4.9043,4.9014,4.8952,4.8859
2025-09-10,3.686,3.5215,3.4745,3.4998,3.5686,3.6619,3.7678,3.8782,3.9883,4.0947,4.1956,4.2896,4.3761,4.455,4.526,4.5895,4.6456,4.6946,4.7368,4.7727,4.8025,4.8268,4.8458,4.8598,4.8694,4.8747,4.8761,4.8739,4.8684,4.8598
2025-09-11,3.6706,3.5161,3.4709,3.4942,3.5592,3.6484,3.7501,3.8569,3.9637,4.0672,4.1656,4.2575,4.3422,4.4196,4.4893,4.5517,4.6068,4.655,4.6966,4.7319,4.7613,4.7851,4.8037,4.8175,4.8268,4.8319,4.8332,4.8309,4.8253,4.8167
2025-09-12,3.6893,3.5408,3.5046,3.536,3.6071,3.7001,3.8036,3.9105,4.0163,4.118,4.214,4.3033,4.3854,4.4601,4.5274,4.5875,4.6406,4.6871,4.7272,4.7614,4.7899,4.8132,4.8316,4.8455,4.8551,4.8607,4.8627,4.8614,4.857,4.8498
2025-09-15,3.6836,3.518,3.4784,3.5114,3.5851,3.68,3.7847,3.8918,3.9972,4.0982,4.1932,4.2815,4.3627,4.4366,4.5034,4.5632,4.6163,4.6631,4.7037,4.7387,4.7683,4.7929,4.8127,4.8282,4.8397,4.8474,4.8516,4.8525,4.8505,4.8458
2025-09-16,3.6593,3.4934,3.4576,3.4948,3.5719,3.6693,3.7755,3.8835,3.9891,4.09,4.1847,4.2725,4.3531,4.4265,4.4926,4.5519,4.6045,4.6508,4.6911,4.7258,4.7551,4.7795,4.7993,4.8149,4.8264,4.8342,4.8386,4.8398,4.8381,4.8337
2025-09-17,3.6703,3.5128,3.4847,3.5268,3.6058,3.703,3.8074,3.9126,4.015,4.1125,4.204,4.2887,4.3666,4.4375,4.5017,4.5593,4.6107,4.6561,4.6959,4.7304,4.76,4.7849,4.8054,4.8219,4.8346,4.8438,4.8497,4.8527,4.8529,4.8505
2025-09-18,3.6752,3.5478,3.5278,3.5706,3.6492,3.7464,3.8521,3.9596,4.0649,4.1657,4.2604,4.3484,4.4293,4.5029,4.5693,4.6288,4.6816,4.7281,4.7684,4.8031,4.8325,4.8568,4.8764,4.8917,4.9029,4.9104,4.9144,4.9152,4.913,4.9082
2025-09-19,3.6751,3.554,3.5393,3.5864,3.6682,3.768,3.8755,3.9843,4.0907,4.1921,4.2873,4.3756,4.4565,4.5301,4.5965,4.6558,4.7084,4.7546,4.7947,4.8291,4.8581,4.8821,4.9014,4.9163,4.9272,4.9343,4.938,4.9385,4.936,4.9308
2025-09-22,3.6839,3.5785,3.5637,3.6057,3.6821,3.7779,3.8833,3.9918,4.099,4.2023,4.2998,4.3906,4.474,4.5498,4.6181,4.679,4.7327,4.7794,4.8197,4.8537,4.8819,4.9046,4.9222,4.9351,4.9435,4.9479,4.9485,4.9456,4.9394,4.9304
2025-09-23,3.6775,3.5631,3.5432,3.5822,3.6565,3.7509,3.855,3.9624,4.0686,4.1709,4.2676,4.3575,4.4402,4.5154,4.5832,4.6436,4.6969,4.7435,4.7835,4.8175,4.8457,4.8685,4.8863,4.8994,4.9082,4.9129,4.9139,4.9115,4.9059,4.8973
2025-09-24,3.6955,3.5931,3.5801,3.6225,3.6979,3.7918,3.8947,4.0002,4.1043,4.2045,4.299,4.3871,4.4681,4.5418,4.6084,4.6679,4.7205,4.7666,4.8064,4.8404,4.8688,4.892,4.9104,4.9243,4.9339,4.9396,4.9418,4.9406,4.9363,4.9292
2025-09-25,3.7373,3.649,3.6365,3.6734,3.7414,3.8279,3.9242,4.0242,4.1239,4.2205,4.3122,4.3979,4.4769,4.549,4.6139,4.6718,4.7228,4.7672,4.8053,4.8374,4.8637,4.8848,4.9008,4.9122,4.9192,4.9222,4.9215,4.9174,4.91,4.8998
2025-09-26,3.7218,3.6394,3.6352,3.68,3.7546,3.8459,3.9453,4.0471,4.1475,4.2439,4.3349,4.4196,4.4974,4.5681,4.6318,4.6886,4.7387,4.7824,4.8199,4.8517,4.8781,4.8994,4.9159,4.928,4.9361,4.9403,4.9409,4.9384,4.9329,4.9246
2025-09-29,3.716,3.6191,3.6082,3.6497,3.7221,3.8114,3.9085,4.0076,4.1051,4.1986,4.2866,4.3683,4.4434,4.5117,4.5731,4.628,4.6765,4.7189,4.7555,4.7867,4.8127,4.834,4.8508,4.8634,4.8721,4.8772,4.8791,4.8778,4.8738,4.8672
2025-09-30,3.6945,3.5936,3.5891,3.6393,3.7195,3.8147,3.9158,4.0175,4.1163,4.2103,4.2984,4.3801,4.4551,4.5234,4.5852,4.6405,4.6898,4.7333,4.7713,4.8042,4.8322,4.8557,4.8749,4.8902,4.9018,4.9101,4.9152,4.9173,4.9168,4.9138
2025-10-01,3.6471,3.5342,3.5297,3.5839,3.669,3.7687,3.8737,3.9785,4.08,4.1764,4.2666,4.3503,4.4271,4.4972,4.5607,4.6178,4.6689,4.7142,4.7541,4.7888,4.8187,4.844,4.8652,4.8823,4.8959,4.906,4.913,4.917,4.9184,4.9172
2025-10-02,3.6448,3.5325,3.5251,3.5756,3.6571,3.7536,3.856,3.9587,4.0585,4.1535,4.2427,4.3254,4.4016,4.4712,4.5344,4.5913,4.6422,4.6874,4.7272,4.762,4.7919,4.8174,4.8387,4.8561,4.8699,4.8803,4.8875,4.8918,4.8934,4.8925
2025-10-03,3.6603,3.5611,3.5613,3.6157,3.6987,3.7952,3.8967,3.9979,4.0958,4.1888,4.2759,4.3567,4.4309,4.4987,4.5601,4.6155,4.665,4.7089,4.7476,4.7813,4.8104,4.8352,4.8559,4.8727,4.8861,4.8961,4.9032,4.9074,4.9089,4.9081
2025-10-06,3.6702,3.5829,3.5897,3.6484,3.7348,3.8342,3.9382,4.0417,4.1417,4.2365,4.3251,4.4071,4.4824,4.5509,4.6129,4.6686,4.7182,4.7621,4.8006,4.8339,4.8625,4.8866,4.9066,4.9226,4.9351,4.9442,4.9501,4.9532,4.9537,4.9517
2025-10-07,3.6567,3.5575,3.5563,3.6102,3.6937,3.7919,3.8956,3.9994,4.1001,4.1957,4.2853,4.3683,4.4444,4.5137,4.5763,4.6325,4.6825,4.7267,4.7653,4.7987,4.8272,4.8512,4.8708,4.8865,4.8985,4.907,4.9124,4.9148,4.9146,4.9118
2025-10-08,3.6681,3.5722,3.5719,3.6251,3.7071,3.8032,3.9047,4.0063,4.1048,4.1984,4.2861,4.3674,4.4421,4.5102,4.5718,4.6272,4.6765,4.7202,4.7585,4.7917,4.8202,4.8442,4.8641,4.8801,4.8925,4.9015,4.9074,4.9105,4.9109,4.9088
2025-10-09,3.672,3.5781,3.5805,3.6358,3.719,3.8157,3.9171,4.0182,4.1159,4.2087,4.2954,4.3757,4.4494,4.5166,4.5774,4.632,4.6807,4.7238,4.7616,4.7944,4.8225,4.8463,4.866,4.8819,4.8943,4.9033,4.9094,4.9126,4.9132,4.9114
2025-10-10,3.6218,3.5005,3.496,3.5506,3.634,3.7301,3.8302,3.9292,4.0246,4.1148,4.1991,4.2771,4.3489,4.4145,4.474,4.5277,4.5759,4.6188,4.6567,4.69,4.7189,4.7437,4.7646,4.782,4.796,4.8069,4.8149,4.8202,4.8231,4.8237
2025-10-13,NA,NA,NA,NA,NA,NA,NA,NA,NA,NA,NA,NA,NA,NA,NA,NA,NA,NA,NA,NA,NA,NA,NA,NA,NA,NA,NA,NA,NA,NA
2025-10-14,3.5929,3.4545,3.4465,3.5028,3.5897,3.6897,3.7935,3.8962,3.9948,4.088,4.1751,4.2556,4.3296,4.3972,4.4586,4.5139,4.5635,4.6078,4.6469,4.6812,4.711,4.7365,4.7581,4.776,4.7905,4.8018,4.8101,4.8156,4.8186,4.8193
2025-10-15,3.6094,3.4829,3.4749,3.5286,3.6134,3.7122,3.8158,3.9187,4.018,4.1119,4.1996,4.2806,4.355,4.4228,4.484,4.5391,4.5883,4.6318,4.6701,4.7034,4.732,4.7563,4.7764,4.7928,4.8057,4.8153,4.8218,4.8255,4.8266,4.8254
2025-10-16,3.5551,3.4027,3.3917,3.4486,3.5371,3.6389,3.7443,3.8484,3.9484,4.0427,4.1308,4.2123,4.2871,4.3555,4.4175,4.4734,4.5236,4.5684,4.6079,4.6427,4.6728,4.6987,4.7207,4.7389,4.7536,4.7651,4.7736,4.7794,4.7825,4.7833
2025-10-17,3.5774,3.4401,3.4341,3.4918,3.5795,3.6797,3.7834,3.8857,3.9838,4.0764,4.1629,4.2428,4.3162,4.3832,4.4439,4.4988,4.5479,4.5917,4.6304,4.6643,4.6938,4.7191,4.7404,4.7581,4.7725,4.7836,4.7918,4.7973,4.8002,4.8009
2025-10-20,3.5784,3.442,3.431,3.4836,3.5673,3.6648,3.7668,3.868,3.9654,4.0576,4.1437,4.2234,4.2966,4.3633,4.4238,4.4782,4.5269,4.5702,4.6084,4.6417,4.6705,4.6951,4.7157,4.7326,4.746,4.7563,4.7636,4.7682,4.7702,4.7699
2025-10-21,3.5738,3.4316,3.4164,3.4656,3.5465,3.6417,3.7418,3.8413,3.9374,4.0284,4.1136,4.1925,4.2651,4.3314,4.3915,4.4458,4.4944,4.5376,4.5758,4.6093,4.6383,4.6631,4.684,4.7012,4.7151,4.7258,4.7335,4.7385,4.741,4.7412
2025-10-22,3.5705,3.4217,3.4097,3.4628,3.5463,3.6426,3.7425,3.8412,3.9362,4.0259,4.1098,4.1875,4.2591,4.3245,4.384,4.4379,4.4863,4.5295,4.568,4.6018,4.6313,4.6568,4.6786,4.6968,4.7117,4.7235,4.7326,4.7389,4.7428,4.7445
2025-10-23,3.5947,3.4649,3.4566,3.5091,3.5913,3.6865,3.7858,3.8842,3.979,4.0687,4.1525,4.2302,4.3017,4.3669,4.4262,4.4797,4.5278,4.5706,4.6084,4.6417,4.6706,4.6954,4.7163,4.7337,4.7478,4.7588,4.767,4.7724,4.7754,4.7761
2025-10-24,3.5826,3.4636,3.4568,3.509,3.5912,3.687,3.7876,3.8876,3.9841,4.0755,4.161,4.2401,4.3128,4.379,4.439,4.4929,4.5411,4.5839,4.6215,4.6543,4.6826,4.7066,4.7266,4.743,4.7558,4.7655,4.7723,4.7763,4.7777,4.7768
2025-10-27,3.5952,3.4828,3.474,3.5215,3.5986,3.6899,3.7864,3.8831,3.9769,4.0659,4.1494,4.2268,4.2979,4.3628,4.4216,4.4746,4.5219,4.5639,4.6008,4.6329,4.6606,4.6841,4.7036,4.7196,4.7321,4.7414,4.7478,4.7516,4.7528,4.7516
2025-10-28,3.5873,3.4762,3.4671,3.5136,3.5894,3.6794,3.7748,3.8703,3.963,4.0511,4.1336,4.2102,4.2806,4.3448,4.403,4.4554,4.5022,4.5438,4.5803,4.6121,4.6394,4.6626,4.682,4.6977,4.71,4.7192,4.7255,4.7292,4.7303,4.7291
2025-10-29,3.6823,3.5826,3.5715,3.6122,3.682,3.7671,3.8586,3.9514,4.042,4.1285,4.2097,4.2851,4.3543,4.4172,4.474,4.5248,4.5699,4.6095,4.6439,4.6735,4.6985,4.7192,4.7359,4.749,4.7585,4.7649,4.7682,4.7689,4.767,4.7628
2025-10-30,3.6954,3.5934,3.5836,3.6271,3.7004,3.789,3.884,3.98,4.0736,4.1628,4.2465,4.324,4.395,4.4596,4.5178,4.5698,4.6159,4.6564,4.6915,4.7216,4.747,4.7681,4.785,4.7981,4.8076,4.8139,4.8171,4.8175,4.8153,4.8108
2025-10-31,3.689,3.5833,3.5719,3.6155,3.6901,3.7807,3.8782,3.9769,4.0733,4.1652,4.2515,4.3315,4.4048,4.4715,4.5316,4.5853,4.6329,4.6747,4.7109,4.742,4.7682,4.7898,4.8072,4.8206,4.8303,4.8367,4.8399,4.8402,4.8378,4.833
2025-11-03,3.6843,3.587,3.5788,3.6235,3.6986,3.7898,3.8881,3.9878,4.0854,4.1787,4.2664,4.3478,4.4226,4.4906,4.552,4.607,4.6557,4.6985,4.7356,4.7675,4.7944,4.8166,4.8345,4.8484,4.8584,4.865,4.8684,4.8687,4.8663,4.8614
2025-11-04,3.6575,3.563,3.5556,3.6004,3.6752,3.766,3.8641,3.9636,4.0612,4.1545,4.2424,4.3239,4.3988,4.467,4.5286,4.5837,4.6325,4.6754,4.7126,4.7446,4.7715,4.7937,4.8116,4.8254,4.8354,4.8419,4.8452,4.8454,4.8429,4.8379
2025-11-05,3.694,3.6182,3.618,3.665,3.7404,3.8317,3.9305,4.0313,4.1305,4.2256,4.3152,4.3984,4.4748,4.5442,4.6066,4.6622,4.7112,4.7539,4.7906,4.8216,4.8473,4.8679,4.884,4.8956,4.9033,4.9072,4.9077,4.905,4.8994,4.8912
2025-11-06,3.6414,3.5507,3.5452,3.5915,3.6681,3.7613,3.862,3.9644,4.0649,4.1611,4.2517,4.3358,4.4131,4.4833,4.5467,4.6033,4.6533,4.6971,4.7351,4.7674,4.7945,4.8167,4.8343,4.8477,4.8571,4.8628,4.8652,4.8644,4.8607,4.8544
2025-11-07,3.6324,3.5402,3.5339,3.5805,3.6583,3.7532,3.856,3.9608,4.0638,4.1625,4.2554,4.3417,4.4209,4.4929,4.5577,4.6156,4.6666,4.7112,4.7497,4.7824,4.8096,4.8318,4.8492,4.8622,4.8711,4.8762,4.8778,4.8761,4.8715,4.8641
2025-11-10,3.6492,3.5724,3.5705,3.6163,3.6913,3.783,3.8828,3.9852,4.0862,4.1834,4.2751,4.3605,4.439,4.5103,4.5744,4.6315,4.6818,4.7255,4.763,4.7946,4.8206,4.8414,4.8574,4.8688,4.876,4.8794,4.8791,4.8756,4.8689,4.8595
2025-11-11,NA,NA,NA,NA,NA,NA,NA,NA,NA,NA,NA,NA,NA,NA,NA,NA,NA,NA,NA,NA,NA,NA,NA,NA,NA,NA,NA,NA,NA,NA
2025-11-12,3.6405,3.5474,3.5368,3.5778,3.6502,3.7401,3.8388,3.9402,4.0403,4.1368,4.2279,4.3128,4.3909,4.462,4.5261,4.5834,4.634,4.6782,4.7164,4.7489,4.7759,4.7979,4.8151,4.828,4.8367,4.8416,4.843,4.8412,4.8364,4.8288
2025-11-13,3.6665,3.5736,3.5657,3.61,3.685,3.777,3.8769,3.9789,4.0793,4.1757,4.2665,4.351,4.4288,4.4996,4.5635,4.6207,4.6714,4.7158,4.7543,4.7872,4.8149,4.8376,4.8558,4.8696,4.8794,4.8856,4.8883,4.8879,4.8845,4.8785
2025-11-14,3.682,3.5978,3.5928,3.6378,3.7132,3.8058,3.907,4.0107,4.1131,4.2117,4.3048,4.3915,4.4713,4.5439,4.6093,4.6678,4.7193,4.7644,4.8032,4.8361,4.8634,4.8855,4.9028,4.9155,4.9241,4.9287,4.9297,4.9273,4.9219,4.9137
2025-11-17,3.681,3.5937,3.5847,3.6259,3.6982,3.7885,3.8881,3.9909,4.0929,4.1914,4.2847,4.3718,4.4521,4.5252,4.5912,4.6501,4.7021,4.7475,4.7866,4.8197,4.8472,4.8693,4.8865,4.899,4.9073,4.9116,4.9121,4.9093,4.9033,4.8944
2025-11-18,3.6535,3.5582,3.5498,3.5954,3.6732,3.7691,3.8736,3.9806,4.086,4.1874,4.283,4.372,4.4539,4.5285,4.5957,4.6558,4.7089,4.7555,4.7957,4.8299,4.8585,4.8819,4.9004,4.9143,4.9239,4.9296,4.9316,4.9303,4.9258,4.9185
2025-11-19,3.6682,3.5683,3.5593,3.6054,3.684,3.7803,3.8848,3.9913,4.096,4.1965,4.2912,4.3792,4.4602,4.534,4.6007,4.6604,4.7133,4.7598,4.8001,4.8347,4.8638,4.8878,4.9071,4.9219,4.9327,4.9395,4.9429,4.9429,4.94,4.9342
2025-11-20,3.6433,3.5351,3.5246,3.5721,3.6526,3.7506,3.8564,3.9638,4.069,4.1697,4.2644,4.3525,4.4334,4.5072,4.5739,4.6337,4.6868,4.7336,4.7744,4.8095,4.8393,4.8641,4.8842,4.9,4.9117,4.9197,4.9242,4.9255,4.9238,4.9193
2025-11-21,3.6063,3.4897,3.4737,3.5185,3.5989,3.6987,3.8076,3.9189,4.0284,4.1336,4.2327,4.3249,4.4098,4.4871,4.5569,4.6194,4.6749,4.7236,4.7658,4.802,4.8326,4.8578,4.878,4.8935,4.9047,4.912,4.9155,4.9156,4.9125,4.9065
2025-11-24,3.6007,3.4811,3.4639,3.5077,3.5866,3.6844,3.7909,3.8995,4.0062,4.1086,4.2051,4.2949,4.3775,4.4529,4.5211,4.5822,4.6366,4.6845,4.7263,4.7622,4.7927,4.8181,4.8387,4.8549,4.8668,4.875,4.8796,4.8808,4.8791,4.8745
2025-11-25,3.5907,3.4569,3.4318,3.4717,3.5494,3.6476,3.7555,3.8661,3.9752,4.0801,4.1791,4.2713,4.3562,4.4338,4.5039,4.5669,4.6229,4.6722,4.7152,4.7523,4.7837,4.8098,4.831,4.8476,4.8599,4.8682,4.8729,4.8741,4.8722,4.8674
2025-11-26,3.6092,3.4724,3.4429,3.4784,3.552,3.6466,3.7514,3.8593,3.9661,4.0689,4.166,4.2565,4.3399,4.4159,4.4847,4.5462,4.6009,4.6489,4.6907,4.7265,4.7567,4.7816,4.8016,4.8171,4.8283,4.8355,4.8391,4.8393,4.8364,4.8306
2025-11-27,NA,NA,NA,NA,NA,NA,NA,NA,NA,NA,NA,NA,NA,NA,NA,NA,NA,NA,NA,NA,NA,NA,NA,NA,NA,NA,NA,NA,NA,NA
2025-11-28,3.6186,3.4903,3.4655,3.5036,3.5787,3.6743,3.7798,3.8882,3.9953,4.0983,4.1956,4.2861,4.3695,4.4454,4.5139,4.5752,4.6295,4.6771,4.7184,4.7536,4.7833,4.8076,4.827,4.8418,4.8523,4.8588,4.8617,4.8611,4.8575,4.8509
2025-12-01,3.6232,3.5307,3.5226,3.5682,3.6466,3.7438,3.8504,3.96,4.0685,4.1731,4.2719,4.3641,4.4489,4.5262,4.5958,4.6579,4.7128,4.7606,4.8018,4.8368,4.8657,4.8891,4.9074,4.9207,4.9296,4.9342,4.935,4.9323,4.9262,4.9172
2025-12-02,3.6031,3.5052,3.4999,3.5508,3.6345,3.736,3.8455,3.9569,4.066,4.1706,4.2689,4.3603,4.4442,4.5206,4.5895,4.6511,4.7056,4.7534,4.7948,4.8302,4.86,4.8844,4.9039,4.9188,4.9294,4.936,4.939,4.9385,4.935,4.9286
2025-12-03,3.5774,3.4766,3.4691,3.5186,3.6016,3.703,3.8129,3.925,4.0351,4.1409,4.2406,4.3334,4.4188,4.4967,4.5671,4.6302,4.6862,4.7354,4.7782,4.8149,4.8459,4.8716,4.8922,4.9081,4.9197,4.9273,4.9311,4.9315,4.9286,4.9229
2025-12-04,3.6027,3.5188,3.5204,3.5742,3.6586,3.7597,3.8684,3.9787,4.0869,4.1906,4.2883,4.3791,4.4628,4.5391,4.6081,4.6699,4.7248,4.7731,4.8152,4.8513,4.8819,4.9072,4.9276,4.9435,4.9552,4.9629,4.967,4.9677,4.9653,4.96
2025-12-05,3.6095,3.5527,3.5594,3.6094,3.6877,3.7835,3.8889,3.9982,4.1074,4.2135,4.3147,4.4095,4.4972,4.5773,4.6496,4.7141,4.7708,4.82,4.8619,4.897,4.9255,4.9478,4.9643,4.9753,4.9813,4.9825,4.9793,4.9721,4.9611,4.9467
2025-12-08,3.6139,3.5724,3.5884,3.6437,3.7247,3.8215,3.9269,4.0355,4.1437,4.2487,4.3485,4.4421,4.5285,4.6073,4.6784,4.7416,4.7971,4.8452,4.8861,4.92,4.9475,4.9688,4.9842,4.9943,4.9993,4.9995,4.9954,4.9872,4.9754,4.9601
2025-12-09,3.6267,3.6005,3.6206,3.6739,3.7501,3.8413,3.9412,4.0451,4.1494,4.2514,4.3492,4.4413,4.5268,4.6051,4.6757,4.7387,4.7939,4.8415,4.8818,4.915,4.9415,4.9615,4.9755,4.9839,4.987,4.9851,4.9787,4.9681,4.9536,4.9356
2025-12-10,3.6054,3.5281,3.544,3.6109,3.7045,3.8104,3.9203,4.0292,4.1342,4.2337,4.3267,4.4129,4.492,4.5643,4.6298,4.6888,4.7416,4.7885,4.8298,4.8659,4.8971,4.9236,4.9458,4.9641,4.9785,4.9895,4.9972,5.002,5.004,5.0034
2025-12-11,3.5573,3.5204,3.5428,3.6045,3.6909,3.7918,3.9,4.0103,4.1191,4.224,4.3232,4.4159,4.5012,4.579,4.6491,4.7117,4.7668,4.8148,4.856,4.8906,4.9191,4.9419,4.9592,4.9715,4.979,4.9822,4.9813,4.9767,4.9686,4.9574
2025-12-12,3.5522,3.5253,3.5586,3.6305,3.7259,3.8343,3.9484,4.0633,4.1756,4.2831,4.3843,4.4783,4.5648,4.6434,4.7142,4.7774,4.8332,4.8818,4.9237,4.9593,4.9888,5.0126,5.0312,5.0448,5.0538,5.0586,5.0595,5.0567,5.0506,5.0414
2025-12-15,3.5321,3.498,3.5327,3.6087,3.7083,3.8198,3.9357,4.0511,4.163,4.2693,4.369,4.4614,4.5462,4.6235,4.6932,4.7557,4.8113,4.8602,4.9028,4.9395,4.9707,4.9966,5.0177,5.0342,5.0465,5.0549,5.0597,5.0611,5.0595,5.0549
2025-12-16,3.5186,3.465,3.4942,3.5702,3.6714,3.7844,3.9013,4.0171,4.1287,4.2345,4.3334,4.425,4.5091,4.5858,4.6552,4.7176,4.7734,4.8228,4.8661,4.9039,4.9363,4.9637,4.9865,5.005,5.0194,5.0301,5.0374,5.0414,5.0424,5.0407
2025-12-17,3.5226,3.4761,3.5054,3.5797,3.6791,3.7912,3.9079,4.0241,4.1366,4.2436,4.3438,4.4367,4.522,4.5997,4.67,4.733,4.7891,4.8386,4.8818,4.9191,4.951,4.9776,4.9994,5.0167,5.0298,5.039,5.0447,5.0469,5.0461,5.0425
2025-12-18,3.5044,3.4518,3.4754,3.5452,3.6416,3.7521,3.8682,3.9846,4.098,4.2061,4.3076,4.4018,4.4885,4.5674,4.6387,4.7026,4.7594,4.8095,4.8531,4.8906,4.9223,4.9488,4.9702,4.987,4.9994,5.0078,5.0125,5.0138,5.0118,5.0069
2025-12-19,3.5061,3.4741,3.5058,3.5779,3.6742,3.7837,3.899,4.015,4.1283,4.2367,4.3387,4.4336,4.5209,4.6004,4.6722,4.7365,4.7934,4.8433,4.8866,4.9235,4.9545,4.98,5.0002,5.0155,5.0263,5.0329,5.0357,5.0348,5.0306,5.0234
2025-12-22,3.5162,3.4956,3.53,3.6005,3.6938,3.8003,3.9131,4.0273,4.1395,4.2475,4.3497,4.445,4.533,4.6133,4.6858,4.7507,4.8081,4.8583,4.9016,4.9383,4.9688,4.9935,5.0127,5.0267,5.036,5.0408,5.0415,5.0384,5.0318,5.022
2025-12-23,3.5363,3.5287,3.5636,3.6285,3.714,3.8125,3.9183,4.0271,4.1354,4.241,4.3418,4.4368,4.525,4.6058,4.6791,4.7446,4.8025,4.8528,4.8959,4.9319,4.9612,4.9841,5.0011,5.0123,5.0184,5.0195,5.016,5.0083,4.9967,4.9815
2025-12-24,3.5416,3.5278,3.5576,3.6184,3.7004,3.7959,3.8992,4.0057,4.112,4.2158,4.3151,4.4087,4.4957,4.5755,4.6479,4.7127,4.77,4.8198,4.8625,4.8983,4.9274,4.9503,4.9673,4.9787,4.9849,4.9862,4.9831,4.9757,4.9646,4.9498
2025-12-25,NA,NA,NA,NA,NA,NA,NA,NA,NA,NA,NA,NA,NA,NA,NA,NA,NA,NA,NA,NA,NA,NA,NA,NA,NA,NA,NA,NA,NA,NA
2025-12-26,3.5131,3.4816,3.5106,3.5786,3.6707,3.7763,3.8882,4.0014,4.1125,4.2193,4.3203,4.4146,4.5016,4.5812,4.6532,4.718,4.7755,4.8262,4.8703,4.9082,4.9401,4.9665,4.9877,5.0041,5.0159,5.0234,5.0271,5.0271,5.0238,5.0174
2025-12-29,3.4989,3.4595,3.4868,3.5557,3.6492,3.7561,3.8688,3.9823,4.0932,4.1995,4.2998,4.3933,4.4796,4.5585,4.6302,4.6947,4.7523,4.8033,4.848,4.8867,4.9198,4.9476,4.9704,4.9886,5.0025,5.0123,5.0184,5.021,5.0204,5.0169
2025-12-30,3.4878,3.4451,3.4799,3.5581,3.6592,3.7709,3.8858,3.9994,4.1089,4.2127,4.3101,4.4005,4.4839,4.5603,4.6299,4.6928,4.7495,4.8001,4.845,4.8846,4.9191,4.9488,4.9741,4.9952,5.0124,5.0261,5.0363,5.0434,5.0477,5.0492
2025-12-31,3.5082,3.4717,3.5167,3.6031,3.7092,3.8228,3.9374,4.0491,4.156,4.2568,4.3511,4.4386,4.5195,4.5937,4.6615,4.7233,4.7791,4.8295,4.8746,4.9147,4.9502,4.9813,5.0083,5.0314,5.0509,5.0671,5.0802,5.0903,5.0977,5.1025
