factor,maturity_years,estimate,lower_95,upper_95
PC1,1.0,0.22786488612462594,0.19391530706161947,0.2686704204291879
PC1,2.0,0.35297495347032154,0.3218519030865231,0.3861631539839961
PC1,3.0,0.3948098126887136,0.36941784554428425,0.4182107419449281
PC1,5.0,0.4081836706399081,0.3941660865381155,0.4200937153834717
PC1,7.0,0.4031305405489479,0.3880268300123871,0.4148097564947694
PC1,10.0,0.39369781192829667,0.37394838851003637,0.40992141886244093
PC1,20.0,0.34236292433210186,0.3007240344524655,0.37974009513801893
PC1,30.0,0.257435442245285,0.21187564054632876,0.29598705592272534
PC2,1.0,-0.3275008945050361,-0.3633710715751313,-0.2834243230079069
PC2,2.0,-0.4032187300102436,-0.43684736544988745,-0.3661024656983496
PC2,3.0,-0.3370691661940399,-0.37119340001954204,-0.29886712473246707
PC2,5.0,-0.13318747130137842,-0.16744289526627582,-0.08698146970467566
PC2,7.0,0.03870650892915409,0.004026762897927124,0.08492069497784394
PC2,10.0,0.2108594721410945,0.16801618556757225,0.25045617184270264
PC2,20.0,0.44552991484865323,0.30743985454920714,0.5170304762617781
PC2,30.0,0.5952700888729211,0.5452400868217092,0.6786283975733678
PC3,1.0,0.3656260780660803,-0.04675498920962524,0.7001148032605875
PC3,2.0,-0.024764437501205737,-0.18551126312599506,0.2627430779975602
PC3,3.0,-0.07196676728610085,-0.1324737992708337,0.014030530703421067
PC3,5.0,0.040189470661792216,-0.3611975879944948,0.2446216381490151
PC3,7.0,0.06940184381260002,-0.3904394301765905,0.30193948241111146
PC3,10.0,-0.1113232918296829,-0.2822279439143848,0.05164346481063022
PC3,20.0,-0.6346276932492683,-0.795397240526761,0.2757271538684184
PC3,30.0,0.6625315722743378,0.2683495746917114,0.7224230080432824
