mode,factor,eigenvalue,variance_ratio,cumulative_variance
covariance,PC1,158.11082662709399,0.8236748226586061,0.8236748226586061
covariance,PC2,28.454295641187407,0.1482320181109874,0.9719068407695935
covariance,PC3,2.85046742350063,0.01484944642711573,0.9867562871967093
covariance,PC4,2.036276312164476,0.010607936003407018,0.9973642232001163
covariance,PC5,0.44885621241965623,0.002338306421203796,0.9997025296213201
covariance,PC6,0.0546764259517531,0.0002848356207486889,0.9999873652420688
covariance,PC7,0.0023721047886466878,1.235742695675325e-05,0.9999997226690255
covariance,PC8,5.323585038385957e-05,2.7733097447794644e-07,1.0
correlation,PC1,6.4426366009400295,0.8053295751175037,0.8053295751175037
correlation,PC2,1.2980574099958104,0.1622571762494763,0.96758675136698
correlation,PC3,0.14355238230037454,0.017944047787546817,0.9855307991545268
correlation,PC4,0.09245879794241507,0.011557349742801884,0.9970881488973287
correlation,PC5,0.021038846056430364,0.0026298557570537955,0.9997180046543824
correlation,PC6,0.002163433256663193,0.00027042915708289913,0.9999884338114653
correlation,PC7,9.054389726404257e-05,1.1317987158005321e-05,0.9999997517986233
correlation,PC8,1.9856110128116293e-06,2.4820137660145367e-07,1.0
