mode,components,sample,rmse_bp,raw_bp_energy_captured
covariance,1,full_sample,2.0527578257010464,0.823674822658606
covariance,1,holdout,1.4100916986763357,0.8139314388656951
covariance,2,full_sample,0.8193714778488007,0.9719068407695934
covariance,2,holdout,0.7432501890560578,0.948305023266416
covariance,3,full_sample,0.5625814770382641,0.9867562871967093
covariance,3,holdout,0.4006366155214282,0.9849796668878684
correlation,1,full_sample,2.05805568020285,0.8227635114792502
correlation,1,holdout,1.4143592391788344,0.8128034885390396
correlation,2,full_sample,0.8321267358197758,0.9710253733775258
correlation,2,holdout,0.7549794002705993,0.9466605551244469
correlation,3,full_sample,0.5880846545869547,0.9855283320006106
correlation,3,holdout,0.5149359863302078,0.9751866858107037
