Date,top3_variance,max_subspace_angle_degrees,PC1_cosine,PC1_matched_variance,PC2_cosine,PC2_matched_variance,PC3_cosine,PC3_matched_variance
2025-04-03,0.9924629884687193,0.0,1.0,0.8618947038425595,1.0000000000000002,0.10587643794336865,1.0000000000000004,0.024691846682791063
2025-04-04,0.9912001867190855,1.8136027566947832,0.9999767741828892,0.8584260464279062,0.999801845428144,0.10804149438770562,0.9996101183021243,0.02473264590347367
2025-04-07,0.9919279652634208,2.511063083863199,0.998864556641677,0.857127931568527,0.997186647367967,0.11098191523119556,0.9976765254179237,0.023818118463698173
2025-04-08,0.9915711589798907,1.4695002628597562,0.9973554249895986,0.8484337533460234,0.992427828383443,0.11873463020694865,0.9943727403550584,0.02440277542691858
2025-04-09,0.9920747789081213,4.218596177360343,0.9999492727812975,0.8284916671060101,0.9839624773018418,0.13990367088690928,0.9820713240760481,0.023679440915202028
2025-04-10,0.9922909294648015,3.013117319090193,0.9997476732519022,0.8014686385630676,0.9778559414565396,0.16756581020560676,0.9768339276626669,0.02325648069612712
2025-04-11,0.9915108048556545,4.825014499992394,0.9998370120957136,0.789900812094863,0.9804427019046134,0.1792137250787798,0.9771351728457154,0.02239626768201172
2025-04-14,0.991645096342666,4.557330805056173,0.9999391660035328,0.7956225596131757,0.9800266785566938,0.17449248708595522,0.9771399867241795,0.021530049643535006
2025-04-15,0.9912533323434776,4.3249400461820935,0.999943918715147,0.795900260371571,0.9804385097035472,0.1740040948070431,0.9778153637834189,0.02134897716486342
2025-04-16,0.9910224567860028,5.238699875486834,0.999782449259722,0.788616829240748,0.979611709445759,0.1806187790254489,0.9758614910014732,0.02178684851980579
2025-04-17,0.9912269570501524,3.5928502121146693,0.9998413060746627,0.7907654417550833,0.9792945627788034,0.17967834714042416,0.977603055091941,0.020783168154644916
2025-04-21,0.9907306271717917,7.856081423678967,0.9998191274292695,0.7803718529805781,0.9731150026304017,0.18938056781348725,0.9636909391610249,0.02097820637772635
2025-04-22,0.990515719292746,8.760182050672817,0.9998734345131819,0.7767746201822294,0.9723221831507828,0.19271996566752464,0.9605992537147575,0.021021133442991884
2025-04-23,0.9905814416114591,8.668066629572772,0.9998861116883427,0.7683749294956236,0.9705181183632493,0.20117978274110973,0.9590354625615143,0.021026729374725855
2025-04-24,0.9908093957913048,8.933951009739241,0.9998868773183004,0.7732868860965867,0.9704092192879851,0.19669598425495613,0.9582511577263321,0.02082652543976188
2025-04-25,0.9908192472701811,8.914528943550618,0.9998852927585643,0.7741319380768192,0.9702113742449354,0.19598719864277492,0.958094270918138,0.020700110550586955
2025-04-28,0.9903981037780697,7.679111807490097,0.9999128601536793,0.7755867529824061,0.9681715763277258,0.19853374472026747,0.9592905940511028,0.016277606075396026
2025-04-29,0.990403249974739,7.5653139094768855,0.999896629096562,0.7763023508546526,0.9682810566837592,0.19798732244781272,0.9596734721798195,0.016113576672273762
2025-04-30,0.9905252159967252,6.554345488710133,0.999914848409231,0.7737311129325822,0.968040346075428,0.20078184570575977,0.961578546875469,0.01601225735838321
2025-05-01,0.990277739859541,7.6272947981878705,0.9998234738675419,0.7792137113676306,0.9677926710185669,0.19548579318577855,0.9590978160518125,0.015578235306131899
2025-05-02,0.9903255970468984,8.155836433705725,0.9993946693673429,0.781649322972096,0.9665023709324704,0.19346350734200218,0.9569721014556519,0.015212766732800228
2025-05-05,0.9902102924019102,12.855749339799678,0.9991704867270641,0.7942953994400489,0.9554471037871848,0.18429612735593415,0.9312742837406206,0.01161876560592714
2025-05-06,0.9909637351240493,54.35725407984188,0.9991789293433606,0.7987723579363605,0.9510581183318745,0.18346521431542662,0.5485794933590392,0.008726162872262258
2025-05-07,0.9907541267057576,56.80323137931367,0.9985454593651941,0.7989461924317943,0.9486829579838124,0.18280270074961702,0.512665375775457,0.009005233524346212
2025-05-08,0.9911020613142565,60.335169902849,0.9982141794026984,0.8065596197988592,0.9485829989687454,0.17584052259889382,0.46287952228319285,0.008701918916503468
2025-05-09,0.9930405415093577,69.0301130734632,0.9986178078462877,0.8076772903651729,0.9454771118836394,0.1765985447929867,0.3311125880968753,0.00876470635119824
2025-05-12,0.9932111578251247,69.13886537418685,0.9980206454047161,0.8114833157963937,0.9447710578689106,0.17316596372553522,0.3287766968071887,0.008561878303195884
2025-05-13,0.9928357647346603,68.82523777782114,0.9980115831766363,0.8115429156052543,0.9445136140118614,0.1727679675741609,0.33373028135539967,0.008524881555245098
2025-05-14,0.9928878062654605,67.3905670976767,0.99756608428649,0.8068599206733419,0.9436389851252853,0.17728450972649776,0.355993138219765,0.008743375865620793
2025-05-15,0.9928725973510288,67.1682071521205,0.9962893654785939,0.8098023292614493,0.9415635741238646,0.17427724430396457,0.3595278928479169,0.008793023785614893
2025-05-16,0.9927126463805136,67.98580814212595,0.9963129682189283,0.8069308758255146,0.9424648850312597,0.1769351200600198,0.3468823466351353,0.008846650494979272
2025-05-19,0.992670117413671,68.78497011542345,0.9958051058202727,0.8040785324886354,0.9413675819993613,0.1795540178471848,0.3340403863040748,0.009037567077850701
2025-05-20,0.9928768788324343,70.58715418822179,0.9959416589453061,0.8031140376564753,0.9415056990866698,0.18066848738940378,0.3066549431412569,0.009094353786555162
2025-05-21,0.9930419263924197,70.79173094484696,0.997311839740305,0.8035600675069893,0.943310133128581,0.18065663671514814,0.30335690993495634,0.008825222170282305
2025-05-22,0.9962837098396776,77.14725317952627,0.9976072115251383,0.8022201794336803,0.9431043018449673,0.18487070435388867,0.20110043423962962,0.009192826052108668
2025-05-23,0.996284416047033,76.91695716257313,0.9976919995443454,0.80109553387843,0.9427670824352257,0.18534933922099606,0.20371017099824237,0.009839542947606946
2025-05-27,0.9964383357239327,76.76438338775533,0.9976311639244226,0.7960132176054052,0.9427957935524113,0.19020416130871595,0.20766372350466178,0.010220956809811482
2025-05-28,0.9964793408797707,76.71190811254306,0.9973250459565445,0.7960799523790434,0.9424650090467005,0.19015775209143654,0.20871087024820306,0.010241636409290766
2025-05-29,0.9964633831572475,77.00771372817749,0.9972519400456207,0.798471636797195,0.9416111050187411,0.18783656295525444,0.2036130905483478,0.010155183404798051
2025-05-30,0.9963420672206114,76.23391549577495,0.997310486866808,0.7962529420544858,0.9420519033338884,0.19010303195953066,0.21664441294332368,0.009986093206594894
2025-06-02,0.9961963191575175,76.37611764052409,0.9971166956888927,0.7947012033762336,0.9418275490299527,0.19141627697201588,0.2146245709128892,0.010078838809267996
2025-06-03,0.9962306744987283,76.38128880857322,0.9964247642240961,0.7966932290025006,0.9403622009828242,0.18935315991823254,0.21466623220507136,0.010184285577995148
2025-06-04,0.9962573013677194,76.68557025570789,0.9970814038642426,0.800569153753899,0.9405842842512757,0.18579831055328855,0.21033024064700045,0.009889837060531861
2025-06-05,0.9961503685153994,77.58953178784627,0.9967638509463201,0.8002927992109431,0.9410359080926747,0.18588498747843804,0.1990367412303854,0.009972581826018203
2025-06-06,0.9962844383663226,78.22980932977183,0.9967668607352118,0.8081358693417036,0.940918512957537,0.17856845775970087,0.18867832704010892,0.00958011126491817
2025-06-09,0.9961453609497272,77.95263083687308,0.9966364525496951,0.8019532587378665,0.9408651742294274,0.18427189012918696,0.19325680690494923,0.00992021208267371
2025-06-10,0.996221278242069,78.0349699713989,0.9966017910212068,0.8004561209868754,0.9410495625539937,0.185786782403606,0.19213108284828478,0.009978374851587537
2025-06-11,0.9961265021789064,77.56036861274976,0.9964435293360585,0.8007381296831585,0.9414341601973923,0.18549928370137592,0.20043790376176718,0.009889088794372032
2025-06-12,0.9961319207877981,77.76788298343232,0.9969742092302741,0.7994945677742875,0.942018095914967,0.1866458956141182,0.19809381778238566,0.009991457399392476
2025-06-13,0.9960275445883107,78.2262013350649,0.9976455099087617,0.7998435803564208,0.9423554044933533,0.18617328821485038,0.191214053839097,0.010010676017039505
2025-06-16,0.9960290958698355,78.20624025485239,0.9978547152213133,0.8020070893018538,0.9420228065231956,0.18394708960101705,0.19227129848290903,0.010074916966964576
2025-06-17,0.9961228689322021,78.13039078577181,0.9983687728663437,0.8013410164471311,0.9427480259410554,0.18483833820624565,0.19336450599697658,0.009943514278825501
2025-06-18,0.9962858056734022,77.75110699860798,0.9984971089166853,0.8007120820585266,0.942515159792845,0.1855739749703113,0.19962349154068587,0.009999748644564285
2025-06-20,0.9963068960162412,77.97364025882513,0.9984653749918029,0.7999735849028564,0.9427130233590634,0.1863189666034776,0.19578958290240472,0.010014344509907276
2025-06-23,0.9963270000038025,78.132047552199,0.9982366888900919,0.8024987246895887,0.9426430630965414,0.1838863243678253,0.19290847430059688,0.009941950946388483
2025-06-24,0.9962432760352427,77.86577947763999,0.9984728535327487,0.7985404115429637,0.9429557926691908,0.18761249147131961,0.19744692878379352,0.010090373020959274
2025-06-25,0.996242566978437,77.9272980298597,0.9985001552776829,0.7983044376737236,0.9428854638942775,0.18784458186994246,0.19634100718497105,0.010093547434770955
2025-06-26,0.9962492057554272,78.06981470541453,0.9983060084710896,0.798427947173051,0.9427309540748146,0.18768131504984006,0.19365894967466546,0.010139943532536078
2025-06-27,0.9962961271979839,78.02726514045293,0.9982132560392533,0.8001936127452068,0.9425852037616763,0.1859881073400765,0.19453416226124903,0.010114407112700528
2025-06-30,0.9961876929167048,78.39011648537858,0.9981676381192277,0.7932497958024954,0.9420944589325544,0.19251772741551354,0.18905212589221343,0.010420169698695851
2025-07-01,0.9961669525420063,78.73288489720078,0.9976364677851668,0.7924231987123007,0.941202363789314,0.19343428032968438,0.18336688269585727,0.010309473500021208
2025-07-02,0.9961728149974223,78.91845344894467,0.9973726443114084,0.7919990365921846,0.9403057456935289,0.19376885731547244,0.179440648776857,0.010404921089765254
2025-07-03,0.996022393844431,78.54693032963884,0.9967982060563272,0.792063594952485,0.9392208470361202,0.19252805327377953,0.1832710103634212,0.011430745618166472
2025-07-07,0.995548075099298,78.1748318260013,0.9992530977291465,0.7782193459283793,0.9404592945945867,0.20537011592270563,0.1847055264733702,0.011958613248213179
2025-07-08,0.9954499922164244,77.36843902290745,0.9991031980715364,0.7788872248227985,0.9398260538670009,0.20549590005760485,0.1948457332562702,0.011066867336020969
2025-07-09,0.9952321416452641,77.36067334253168,0.9968784296083071,0.7851784928859261,0.9372299731982877,0.19852622274774245,0.19377386678136096,0.011527426011595458
2025-07-10,0.9950740837963065,77.64906645112032,0.9935254300494298,0.7978237751387898,0.936638358310926,0.18569482743874097,0.1962700344040926,0.011555481218775662
2025-07-11,0.9949321103691565,78.16871145626988,0.9994753726598608,0.8055704716833844,0.9451431234396669,0.17711473127442426,0.19410334685143435,0.012246907411347879
2025-07-14,0.9949258931290891,78.31541061699872,0.9990688347195873,0.8421450167158371,0.941524538331779,0.14012935769851026,0.18537690952632016,0.012651518714741654
2025-07-15,0.9950935074765843,79.62090065831103,0.9994323837591625,0.8567508696946601,0.9344087738955479,0.12772299453778013,0.1485604283204731,0.010619643244144107
2025-07-16,0.9948732672764166,79.5003222536575,0.999240049101819,0.8500644501305608,0.93335859744711,0.13424152496261102,0.1483976384188113,0.010567292183244786
2025-07-17,0.9950477144739805,77.89102671577182,0.999181683367841,0.8493391320321815,0.9339808788279261,0.13552235076405114,0.1756597517745928,0.010186231677747857
2025-07-18,0.994933994427232,77.33690115576798,0.9991252537721991,0.8468384996266382,0.934498235577393,0.1378360134115886,0.184123796968132,0.010259481389005285
2025-07-21,0.995115551155309,77.47290753265051,0.9991138842445599,0.8462898448768029,0.9344641857435215,0.13865426360470923,0.18085999713426534,0.010171442673796867
2025-07-22,0.9949996280048795,79.95606195919022,0.9989992144161676,0.8709009576575771,0.9450961774316268,0.11481021449548175,0.15851810167010194,0.009288455851820586
2025-07-23,0.9948926780907886,80.76895062175707,0.9990144178295463,0.8790738639894605,0.9475183213703626,0.10695055286325728,0.1503188229505254,0.00886826123807086
2025-07-24,0.9948915950344459,80.53590866546261,0.9990250389064632,0.8909316206217557,0.9504544683947113,0.09496899815617967,0.15458751396007842,0.008990976256510531
2025-07-25,0.9947910788298255,80.85919218821749,0.9990378889831105,0.8871894400232049,0.9506675938838425,0.09837242377980239,0.14940843304164364,0.009229215026818316
2025-07-28,0.9946953636916589,80.95214000891666,0.9990078387814844,0.8857477537195383,0.951646004003473,0.09975348566707969,0.14817934269159974,0.009194124305040935
2025-07-29,0.9950330586229584,81.86745659952022,0.9989970565992213,0.8843455053993107,0.9528483017370311,0.10181943110041967,0.1354646910583642,0.008868122123228078
2025-07-30,0.9950153747548457,82.64017921133917,0.9990748559743108,0.883144952405756,0.9531203230061795,0.10281778520722036,0.12017638956275178,0.009052637141869284
2025-07-31,0.9949923610930901,82.05722998728315,0.998956867710602,0.8894705669823837,0.954580858998759,0.09638618867516263,0.1283442512484684,0.009135605435543731
2025-08-01,0.9954961072558542,86.58047359976496,0.9965202537247543,0.8799056782842263,0.9513172142839038,0.10524785997355138,0.030172093490074083,0.010342568998076593
2025-08-04,0.9953193608202425,86.60302309700675,0.9973683150481415,0.8774265436079387,0.9529689128734062,0.10706316034528796,0.03011759461339101,0.010829656867015907
2025-08-05,0.9951541342558232,85.62767306845687,0.9972004429811318,0.875013844977763,0.9550463842160135,0.10918813489749635,0.04840509110470062,0.010952154380563876
2025-08-06,0.9951371044213468,85.70024143441911,0.9974098385040968,0.8725874599310981,0.955419003211576,0.11153594020967204,0.047937857637265324,0.011013704280576665
2025-08-07,0.9950957961507697,86.39510303462919,0.9970946290579299,0.873940881964597,0.9562095080733763,0.11037724455082962,0.03837436362487884,0.010777669635343112
2025-08-08,0.9947564477221373,85.56144051538568,0.9971824265045522,0.8675509673141087,0.9566506386997762,0.11657045386728353,0.050139781876316354,0.010635026540745083
2025-08-11,0.9947737954095048,85.57363803658951,0.9971909809804579,0.8676030425984237,0.956433949811438,0.11652845185679915,0.04998044772796735,0.010642300954281939
2025-08-12,0.9946543571761877,85.10313562462414,0.9976122043977713,0.859862853215949,0.9566120160871682,0.12373518423559407,0.05659084590046726,0.011056319724644562
2025-08-13,0.9953425887681814,84.14017854562452,0.9975939349323604,0.8613693486536271,0.957653442961054,0.12287994720076592,0.07317192806223792,0.0110932929137884
2025-08-14,0.9953114674544858,84.64392286946739,0.9974101709949266,0.8623559682241275,0.9577211736249898,0.12190059190251741,0.06466651221823509,0.011054907327840853
2025-08-15,0.9951644243574561,84.91864541641222,0.997251267907957,0.858329916137843,0.9572784564316263,0.12572944746300452,0.05947549059169707,0.011105060756608578
2025-08-18,0.9953187869799995,84.16870833545026,0.9972247608272337,0.8606347841261132,0.9561318365413906,0.12360797812837149,0.07245457196755273,0.011076024725514834
2025-08-19,0.9954157052323807,83.87940005743422,0.9972045776882681,0.8622679415270321,0.9569157170593316,0.12209849363210948,0.07820306547504302,0.011049270073239064
2025-08-20,0.9954037308380947,83.32124037641562,0.9972308299730362,0.8639689667873044,0.9566058372683566,0.12053201193962887,0.08608658580310724,0.010902752111161521
2025-08-21,0.9952659074243096,83.21801083080408,0.9961362701655193,0.867037103124739,0.9556806008291853,0.1168949249660794,0.08848952883757134,0.01133387933349132
2025-08-22,0.9956152523049783,81.29961486735108,0.9952639785719649,0.8706579354452679,0.9559487579310378,0.11452723930315921,0.12356671894080967,0.010430077556551136
2025-08-25,0.995621497396396,81.423967288314,0.9950065204920886,0.8722605065075311,0.9578236747006277,0.11409848304287497,0.12464100538372562,0.009262507845989991
2025-08-26,0.995748132933118,82.82310611021053,0.9933879583666223,0.8725783872437628,0.9533848290777618,0.1134134199269582,0.10142735291592904,0.009756325762397008
2025-08-27,0.99573095571933,83.76184481075806,0.9932967805771323,0.8703870620689899,0.953450343091042,0.1150814075558806,0.08723697522370814,0.01026248609445962
2025-08-28,0.9957078099707714,84.2402572055433,0.9933013286173777,0.8653269966688348,0.9550672201968065,0.1200751150862406,0.0796626189883411,0.010305698215695892
2025-08-29,0.9957458366059774,85.05895686058118,0.9935686907792276,0.8618354792149328,0.9555825953946442,0.12383033538801833,0.06551325883651793,0.010080022003026308
2025-09-02,0.9958567488809088,85.05450822259229,0.993332576280465,0.8637523252995143,0.9554682066304688,0.12204316143004908,0.06571812767876664,0.010061262151345366
2025-09-03,0.9959365581952027,84.24938912576961,0.994059573005167,0.8634129864903473,0.9579109128852487,0.12221174205013839,0.08204344820261138,0.010311829654717008
2025-09-04,0.9958084707058548,84.98547137496766,0.9934006184629786,0.8581633178180743,0.9584626585892566,0.12681388179608905,0.06953779555833545,0.01083127109169136
2025-09-05,0.9958940493559549,86.18088452054756,0.9932712908340594,0.862276199829862,0.9593315184866644,0.12158675043574328,0.04811525615833948,0.012031099090349629
2025-09-08,0.9951837206919142,85.09863039197886,0.9923364696334752,0.8433206130902671,0.9603956563271664,0.13942539125825457,0.07220968057919404,0.012437716343392502
2025-09-09,0.9950709697566961,86.11115107497106,0.9920515075391401,0.8445562271762104,0.9601831165078905,0.1384757353801046,0.054402243892204875,0.012039007200381096
2025-09-10,0.9949054263557718,86.14061500581055,0.992091474907179,0.8443545736861949,0.9600818052338744,0.13852457716443134,0.05409121149487908,0.012026275505145569
2025-09-11,0.9949978519298607,87.79558394479416,0.992074173620031,0.8425976671465214,0.9596246343935252,0.14060753086771335,0.02512961337764821,0.011792653915625851
2025-09-12,0.9946398024750256,89.31789213651147,0.9920896838075931,0.8435937716444679,0.9596393421137174,0.1388250302682806,0.0014616336890600663,0.012221000562276998
2025-09-15,0.9945419869695735,88.63910076050388,0.9916090412830029,0.8411596470581083,0.960224915930934,0.14075526695164917,0.010037546287112604,0.012627072959816004
2025-09-16,0.9944896449893608,88.40358992579232,0.9912906029644316,0.8408749122182132,0.9596818299761694,0.14082544588999707,0.012714677982966055,0.012789286881150538
2025-09-17,0.9941727297264106,89.76598031831878,0.9899997490182244,0.8441592972966957,0.959033032467699,0.13709094880807954,0.007388491745864931,0.012922483621635414
2025-09-18,0.994139276429111,89.40526912062789,0.9908360352660565,0.8449521390124566,0.9586132617257535,0.13650691923526465,0.001882293481437058,0.012680218181389848
2025-09-19,0.9941438060281699,89.36405558741447,0.9911583698660789,0.8465924574009682,0.9585013360711334,0.1348357314048771,0.0013980489890927132,0.012715617222324555
2025-09-22,0.9937839399733832,89.6867517788067,0.9912912952023983,0.8457603700813566,0.9585088498567595,0.13531231503838678,0.01859334514433739,0.012711254853639815
2025-09-23,0.9938034647900792,89.9055172157782,0.9912341217020314,0.8443389261920055,0.9582798802036738,0.1367486257827835,0.01173537884889038,0.012715912815290319
2025-09-24,0.993710863214254,89.41891301546474,0.9914219849100159,0.8457196611487054,0.9585140566068646,0.13531706793477094,0.02348407722015273,0.012674134130777568
2025-09-25,0.9937487082307094,89.78865598381387,0.9911504068580721,0.841842606122983,0.9594938306437594,0.13922001681472101,0.01599163417294929,0.012686085293005397
2025-09-26,0.993609857704541,88.920125887415,0.9911961943363328,0.8392910898958823,0.9598266826079118,0.1412573704223917,0.03185420633540898,0.01306139738626694
2025-09-29,0.9935648166278248,88.72135932985952,0.9909617814987478,0.8381797067454552,0.9601392372395784,0.14224588355191936,0.03497387764576149,0.01313922633045032
2025-09-30,0.9933266276633831,88.9304537545927,0.9913809692158492,0.8372190745764438,0.9625754899154798,0.14316797424449051,0.0333163085669294,0.01293957884244875
2025-10-01,0.993435383290665,88.5380293590549,0.9903995735319534,0.8381677417660705,0.9628487513357338,0.14243294042975554,0.037997607034963375,0.01283470109483906
2025-10-02,0.9936536286687996,83.53070112180308,0.9924990930787728,0.8352493890739986,0.9664113032046425,0.14625197814625113,0.11830408728871407,0.012152261448549905
2025-10-03,0.9939373294034466,82.38006498028417,0.991907686224638,0.840353665369981,0.9680417661358899,0.14111283419395604,0.13648786120628975,0.012470829839509498
2025-10-06,0.9941503222495486,82.88116401733214,0.9922939767999609,0.8406432661505358,0.9679603487337896,0.1411749587083833,0.12818254258239034,0.012332097390629421
2025-10-07,0.9939886869177205,82.10774490594889,0.991635555055835,0.8378210232119604,0.9679170460556303,0.14349905725680057,0.14101077791274128,0.01266860644895954
2025-10-08,0.9939384641258914,81.8973476395734,0.99158877319625,0.8380933739880622,0.967577492596516,0.1433585340979868,0.14516061659733084,0.01248655603984244
2025-10-09,0.9936858310820792,81.66066672763499,0.9890599766590383,0.8411750811786736,0.9663851528451761,0.13940745743798102,0.14850623907089866,0.013103292465424589
2025-10-10,0.9939432243809851,81.59814052276873,0.9906128271355084,0.847461149351486,0.9673360489085449,0.13414175360771627,0.1497286163343399,0.012340321421782909
2025-10-14,0.9938188759795675,80.55606072757799,0.9899405233159713,0.842284913377583,0.9668201455063458,0.1388818055952489,0.16652226004609028,0.012652157006735578
2025-10-15,0.9938059470093847,80.6123045081395,0.990295294472959,0.8457501542589294,0.9676339956855263,0.13602039425034992,0.16847883572705202,0.012035398500105408
2025-10-16,0.9939406607284419,80.83832724438987,0.9905301709572966,0.8509557402574606,0.9675689344651066,0.1312524947654039,0.16426655920216027,0.011732425705577462
2025-10-17,0.9940243183038482,79.85525620764099,0.990668491625611,0.8529202585788421,0.9672919176643713,0.12958873120422001,0.18171559916934066,0.01151532852078606
2025-10-20,0.993990499354358,78.47239998461497,0.9897272281796743,0.8530711826561428,0.9677368300380089,0.12959104086328818,0.20315925795717327,0.01132827583492703
2025-10-21,0.9940236641439409,79.24983710050111,0.9896281286746609,0.8525484437704547,0.9670766421121825,0.13014602936718675,0.19007359609354305,0.011329191006299456
2025-10-22,0.9940706112875026,80.08687053552765,0.989285955251979,0.8488544336662364,0.9668062493999281,0.13368234611940782,0.17551633108187104,0.011533831501858462
2025-10-23,0.9941267153915351,79.9434648252184,0.9897037206455167,0.8510110184398738,0.9670692774154414,0.1317360549870708,0.1784468248474117,0.011379641964590535
2025-10-24,0.9939750615995999,80.2506617529491,0.9894865422215676,0.8513677668825826,0.9664770735679611,0.13126560011501945,0.17281633678419273,0.011341694601997798
2025-10-27,0.994005088677554,80.37251305113486,0.9888903727031226,0.8502506305309552,0.9650008649504551,0.13234264588648054,0.17059309294062266,0.011411812260118285
2025-10-28,0.9937935315989889,79.63303001017024,0.9858863071314874,0.8529978500504513,0.96338967465928,0.12923086914978688,0.17950431121947166,0.011564812398750735
2025-10-29,0.9939928954967107,79.6913867011793,0.9850800419120148,0.8589196229001891,0.9626132085443313,0.12401453983312707,0.17876379444975438,0.011058732763394485
2025-10-30,0.9941473192903684,79.42356981300863,0.9856497504539871,0.8576836099793557,0.9637871701386008,0.1254314400117054,0.1818815821440394,0.011032269299307297
2025-10-31,0.992520335055482,75.09735174046097,0.9943707288533178,0.846637235386155,0.9698983344068823,0.13288693069651764,0.23714196059873668,0.012996168972809407
2025-11-03,0.9925554167209549,75.41894559997702,0.9942299627121755,0.8458146120758115,0.9700204583088107,0.13383266241831918,0.23196148058589064,0.012908142226824251
2025-11-04,0.9926648782389277,75.77418559651306,0.9941028783533014,0.8519633709685369,0.9682694073532152,0.1277503681817444,0.22556423720158517,0.012951139088646403
2025-11-05,0.9929089274051358,75.83132447561705,0.9941455610428394,0.8629445410122197,0.9684892932809447,0.11751883611265634,0.2244061418657741,0.012445550280259773
2025-11-06,0.9933146913564436,75.67414955378186,0.9944629215086004,0.8679939196148775,0.9689345995160452,0.11326202046810407,0.226527010842951,0.012058751273461978
2025-11-07,0.9932937466918852,76.2539052811468,0.9942619950244569,0.8659470745234467,0.9675929023617419,0.11543410810417817,0.2149032583241629,0.011912564064260323
2025-11-10,0.9933596353318012,76.50546341790995,0.9944123751621492,0.8659062793926878,0.9678529313079235,0.11558993220302498,0.21016369211071959,0.011863423736088395
2025-11-12,0.993329703069644,77.37872218734385,0.9946581493982878,0.8742130343676872,0.9679126069956135,0.10709671776718072,0.19346125462829597,0.012019950934776074
2025-11-13,0.9929676405313871,77.67320429394888,0.9945985474208576,0.8718078173638294,0.9686515144363422,0.10898731825684807,0.18881863393695597,0.012172504910709632
2025-11-14,0.9928907502345493,78.21115853390685,0.9947065132499314,0.8693284666483041,0.9679326929759482,0.11137773429032216,0.17923287767604965,0.012184549295923037
2025-11-17,0.9930391302569954,78.54687902947752,0.9949050838916486,0.8683816929646799,0.969049053692132,0.11215580218169748,0.1748790799061689,0.012501635110618019
2025-11-18,0.9931159655608185,78.71922751964544,0.9949785212622001,0.8643121664827613,0.9695268516189026,0.11636977537400285,0.1723434397393318,0.012434023704054338
2025-11-19,0.99291041512661,79.83338619814505,0.9949111480663148,0.8640797971719042,0.9687966723715404,0.11633649992305174,0.15281548532717265,0.01249411803165411
2025-11-20,0.9929912614644129,79.57510912181472,0.9948669662332694,0.8648977671080618,0.968908182480335,0.11580482488172289,0.15739833788685242,0.012288669474628108
2025-11-21,0.9927881252489222,77.36828507967145,0.9951387561696401,0.861750845071837,0.9669334915897564,0.11831838919188195,0.19230462781101887,0.012718890985203258
2025-11-24,0.9922943144455741,77.09527666861648,0.9943054379167867,0.858565818805962,0.9651644292444541,0.12015869720572907,0.19641382801280854,0.013569798433883009
2025-11-25,0.9925710556034574,77.6830584314996,0.9944197195476412,0.858662085888084,0.9627499415454706,0.11953253641304168,0.18452206649184622,0.014376433302331574
2025-11-26,0.9924899376155064,77.1954613254088,0.993764757401898,0.8639165856477131,0.9636581931079093,0.11412178220359229,0.1973675457864579,0.014451569764201009
2025-11-28,0.9924999623249582,77.11858265298083,0.9935664059820147,0.8681985181370425,0.9652343692553134,0.11058719026002588,0.2025541068948753,0.0137142539278898
2025-12-01,0.9925438674602898,80.73586702292076,0.9937261609691346,0.8757255205877984,0.962184730859029,0.10313231700749675,0.14215341499135772,0.0136860298649946
2025-12-02,0.9923848731213745,80.07902841716312,0.9939942247764583,0.8824209333051267,0.9623668912105594,0.0960590113827217,0.15338050920780233,0.013904928433526078
2025-12-03,0.9922956565120088,80.10231583582186,0.9944721133714374,0.8791858687086894,0.9629502824687896,0.09878885157892231,0.15239081153654008,0.014320936224397089
2025-12-04,0.9922757473533377,78.43996087819254,0.9956261166733178,0.8802733924880658,0.9623916867195189,0.09745226466593168,0.1815259402407232,0.014550090199340194
2025-12-05,0.9898505103515292,77.55579843036968,0.9954458244650136,0.8770173229042117,0.9650061252657656,0.09855976541792885,0.19601916416911344,0.014273422029388501
2025-12-08,0.990221102277883,63.92667971833525,0.997358158402662,0.873180436307125,0.9655521419349009,0.10522644964969807,0.4147495895439681,0.01181421632105982
2025-12-09,0.989918347923964,58.35144222590939,0.9980924187204793,0.8799542354601958,0.9712333365927288,0.09931611073315402,0.5090951266543221,0.010648001730614193
2025-12-10,0.9886522492772578,17.15950911221527,0.9978624033998612,0.8633864892624524,0.9909567193768304,0.10852880350504164,0.9470109719264646,0.016736956509763652
2025-12-11,0.9886365547954813,20.246656895709002,0.9978003921961731,0.858210204722182,0.9922228827833598,0.10670673274193851,0.9317278805118726,0.023719617331360795
2025-12-12,0.9892889511132027,20.148272150931557,0.9981714832003518,0.8537333979978227,0.9928729689350423,0.11230371508648831,0.9320585205372854,0.023251838028891778
2025-12-15,0.9896216258340329,19.852207920036243,0.9978209199410245,0.8515546048219838,0.9933176706115917,0.11446243007944298,0.9343260525952886,0.023604590932606088
2025-12-16,0.9896889480327189,19.809979543687668,0.9978569341571571,0.852874462725931,0.9932666083218983,0.11345832980571549,0.9345084630347863,0.0233561555010724
2025-12-17,0.9900134035041034,19.47695811297853,0.9979210460197616,0.852759227436118,0.99342270985126,0.11379966500700854,0.9365473797427253,0.023454511060976804
2025-12-18,0.9904062783991776,20.18702522369014,0.9979609033111767,0.8542257213152378,0.9941675974806022,0.11314615169188183,0.9330206351626293,0.023034405392058047
2025-12-19,0.9902433091630304,20.364295472399256,0.9980044617494988,0.8538309758490914,0.9950222271950916,0.1131636713129038,0.9331734444531431,0.02324866200103511
2025-12-22,0.9902929800437669,20.34908346750079,0.9978701840590232,0.8537335508339753,0.9951535048635564,0.1132603272874171,0.9335058875161875,0.023299101922374478
2025-12-23,0.9905423472965971,20.728677937397812,0.9978697978308751,0.8478348780668009,0.9953547816873725,0.11974228424980965,0.9316504570433196,0.02296518497998653
2025-12-24,0.9904991871498758,20.77235152640297,0.9978613396365544,0.8458568247275894,0.9950038410851184,0.12148043326031253,0.9310225290716513,0.02316192916197385
2025-12-26,0.9905664363720801,21.53257510689941,0.9975102745842108,0.8315593950093118,0.9962470851627879,0.1357467340736331,0.9282078236824619,0.023260307289135237
2025-12-29,0.9903878070312719,21.5180365505433,0.9978678103176172,0.8391684663970341,0.9975845895128163,0.12763075013701186,0.929174081169951,0.023588590497225895
2025-12-30,0.9904487758049362,20.177455728940842,0.9978207832943394,0.838634681980764,0.9980147240089418,0.12782450333557283,0.9377897846425488,0.02398959048859942
2025-12-31,0.9902987997832987,19.247091571110378,0.9979110627613411,0.8426921569657512,0.9986124968687272,0.12340757335106804,0.944120818368656,0.02419906946647949
