scenario,full_repricing_pnl_usd,linear_dv01_pnl_usd,nonlinear_residual_usd,full_repricing_return_pct
parallel_+100bp,-266036.7547612726,-285740.0820903247,19703.327329052147,-6.895353918091135
parallel_-100bp,308549.7682475364,285740.0820903247,22809.68615721166,7.99724028854931
steepener_-25_to_+25bp,-27905.87163988687,-28779.72349677252,873.8518568856489,-0.7232867560819204
PC1_+1sigma,-12483.555619714316,-12516.955924425485,33.400304711169156,-0.3235588038628274
PC1_-1sigma,12550.501365575474,12516.955924425485,33.54544114998862,0.3252939573811355
PC2_+1sigma,-3344.6846646587364,-3358.9534732788134,14.268808620076925,-0.08669021890576468
PC2_-1sigma,3373.2941603148356,3358.9534732788134,14.340687036022246,0.0874317427532643
PC3_+1sigma,-459.0567864337936,-460.59873595210155,1.5419495183079448,-0.011898201862381804
PC3_-1sigma,462.1412324234843,460.59873595210155,1.5424964713827762,0.011978147006650458
